--
-- Script was generated by Devart dbForge Studio 2020 for MySQL, Version 9.0.338.0
-- Product Home Page: http://www.devart.com/dbforge/mysql/studio
-- Script date 7/6/2022 10:50:54 AM
-- Target server version: 10.4.17
-- Target connection string: User Id=root;Host=localhost;Character Set=utf8
--



SET NAMES 'utf8';
USE orangehrm_mysql;
--
-- Delete data from the table 'ohrm_user'
--
-- DELETE FROM ohrm_user;
--
-- Delete data from the table 'hs_hr_employee'
--
-- DELETE FROM hs_hr_employee;
--
-- Delete data from the table 'ohrm_job_title'
--
-- DELETE FROM ohrm_job_title;

--
-- Inserting data into table ohrm_job_title
--
INSERT INTO ohrm_job_title(id, job_title, job_description, note, is_deleted) VALUES
(1, 'Marketing Consultant', 'Aliquid quo ut. Est suscipit quod. Consequuntur ut doloremque. Ipsum consectetur voluptatibus. Natus dicta sit. Illo et ducimus; asperiores officiis optio.', '2OB8I40XD196S9VO0YB94OL49NL', 0),
(2, 'Purchasing Agent', 'Eos ipsam soluta. Natus quasi quae. Numquam aut blanditiis. Quod repellat ut. Eum nesciunt commodi. Ut sit officiis! Velit atque ut. Et quaerat quis. Illum...', '2654KKX1', 0),
(3, 'Specialist', 'Maiores et voluptatem. Rem sed unde! Qui quae corporis. Magni quis sint! Eum magnam quasi. Est amet est. Harum sit nihil. Sit velit modi. Atque dolor.', 'XUFG26641HOK4O', 0),
(4, 'Site Manager', 'Non laborum magnam. Dolor recusandae eaque. Magnam exercitationem numquam. Quisquam ut qui? Natus ipsa soluta. Dignissimos iste perferendis. Molestias sed!', 'N2527R8', 0),
(5, 'Training Manager', 'Et a optio aut. Ad omnis dolores illum perspiciatis et; illum reprehenderit unde obcaecati? Dolor voluptatum est nobis iure. Doloremque praesentium nostrum.', '7OPRBFS7571CZ8G866ZXVC93K2A811IJ7CWYLU279FW', 0),
(6, 'Operator', 'Ipsa quia alias fugiat enim est ut. Et alias et id a id quisquam.', 'T44XU', 0),
(7, 'Developer', 'Eaque iste numquam. Sit sequi minima. In accusamus quia; totam natus dolor; voluptatum voluptatem nihil. Sed eos vero. Qui eum ut.', '0E3P5Z0FT2WWN68OSP', 0),
(8, 'Marketing Consultant', 'Enim suscipit unde. Perferendis esse illo; earum ad et. Iste consequuntur molestiae! Rem nulla omnis. Perferendis sunt et! Ipsam ut ex.', '7516W9H4R3W8233C1F8QA', 0),
(9, 'Senior Specialist', 'Voluptatem eum voluptas perspiciatis cum dolorem mollitia.', 'KITMJ54510B71VFAZW56C4FK0E32LLCXXHZUE20NRSBF', 0),
(10, 'Secretary', 'Dolor error voluptatibus. Laboriosam ut voluptatem; aut ut dolor velit. Omnis id praesentium. Et expedita ut corporis vero sequi.', '0GO399NAQ0L9D', 0),
(11, 'Director of Sales', 'Quam sed ut dolor dolores. Error suscipit omnis provident voluptates? Veritatis voluptatum ut et rerum asperiores voluptatum.', 'PLWLBT93156O8TAA4LF20TQ', 0),
(12, 'Senior Consultant', 'Voluptatibus libero quia aut ut reprehenderit delectus.', '9ZVX3A320', 0),
(13, 'Purchasing Agent', 'Numquam repellat illo hic. Esse quibusdam quod fuga voluptatem consequatur est! Eligendi et dicta quae? Qui molestiae porro qui.', 'L7G', 0),
(14, 'Senior Financial Analyst', 'Labore commodi voluptatibus maxime sed. At nihil sed laudantium velit. Impedit qui quidem beatae quibusdam beatae blanditiis.', '2ID112G', 0),
(15, 'Assistant Manager', 'Laboriosam sint omnis. Maiores distinctio ut; amet fugit omnis. Et ipsa rerum? Est ut iste. Dolore sed totam. Magnam porro aspernatur; nostrum non iste.', 'ECCN4V8W0MPKEFQ765', 0),
(16, 'Finance Manager', 'Ex ut odio error sequi dignissimos modi...', 'J805F', 0),
(17, 'Senior Business Consultant', 'Sed molestiae dolorum. Iste hic sit. Quisquam qui sit. Laborum iste commodi. Maxime aliquam molestias? Voluptas accusamus qui! Voluptate qui vel. Id et sit.', 'R', 0),
(18, 'Senior Manager', 'Beatae a consequatur natus aliquid ut qui.', 'Z4189OY774R8', 0),
(19, 'Secretary', 'Et hic voluptatem quam consequatur aut facilis.', '3100W3K', 0),
(20, 'Project Leader', 'Doloremque et quisquam. Aut et aut. Aut nisi sequi. Et sapiente dolor. Perspiciatis iste facilis. Iste incidunt corporis. Ipsum reprehenderit aspernatur? Ut!', 'AZH87W517QD585845P87UZ70N3GO8L6EY1', 0),
(21, 'Operation Manager', 'Dignissimos aspernatur assumenda. Dolorem vitae sequi; in dolor sint. Autem qui consectetur! Quod vitae omnis. Velit reprehenderit dolores; quia qui natus.', '283QI', 0),
(22, 'Sales Consultant', 'Qui omnis culpa amet esse reiciendis. Quia sed libero perspiciatis ut at et. Similique laboriosam omnis est error laborum ipsum.', 'X407A7', 0),
(23, 'Sales Coordinator', 'Quod sed unde. Voluptatem unde repudiandae! Voluptatum odit incidunt. Iusto asperiores repudiandae. Enim nobis totam? Provident vel molestiae. Nihil quia sit;', '3R7BZ8', 0),
(24, 'Assistant', 'Esse non ea. Numquam corrupti voluptate. Cum facilis sed? Rerum atque nesciunt. Doloremque voluptatem rerum; ex vel deserunt? Natus facere expedita. Dolorem.', '7H7L4C9H87MVV247TZ7EF0480D5CI2', 0),
(25, 'Secretary', 'Repellendus ducimus velit qui distinctio laboriosam. Quis incidunt eius explicabo quas; dolor veritatis odio esse exercitationem facilis ullam.', '6I89A102EW', 0),
(26, 'Developer', 'Omnis eum vel enim rem sunt consectetur.', '6MRMEC2D7V2Q', 0),
(27, 'Commercial Manager', 'Beatae sed perferendis eius aliquid enim non. Tempora dolorum fuga. Explicabo labore voluptas non omnis quae error. Quos sit illum consequuntur.', 'W4G52S7861A877NDX2LEE802IU4KKS2C77594', 0),
(28, 'Section Manager', 'Veniam alias sunt. Earum voluptatum temporibus; eos aperiam in. Aliquam sit dignissimos. Quisquam doloribus et. Impedit debitis sed. Voluptas sed!', 'EHW5U9D4BY811AP2B680I0H5O8K1VZC6PX7A3OHB31UZ0OEB4JF2W4B24U4L8702U', 0),
(29, 'Communication Engineer', 'Qui dolore blanditiis. Sit aut inventore! Dolore suscipit et. Expedita labore ut? Qui modi est. Illo unde hic! Nulla aut et. Rerum incidunt dolorum.', 'WEO01FT7AGRJMC8U413UGM6154F629R2E0KK1PX66HL997B', 0),
(30, 'Secretary', 'Natus et sed aliquam. Ut est quo ea? Nulla ut voluptatem beatae sunt. Obcaecati pariatur voluptatem consequatur et. Perspiciatis placeat et.', '2CMRD4BGU64AYN7JZGGIP02M4V73K20HTY35W0L', 0),
(31, 'Vice President', 'Omnis aut ut. Modi voluptatem quidem? Voluptatem magni voluptatem. Dolorum consequatur aut! Maiores et voluptates. Ratione voluptas ducimus? Odio quia natus.', 'O6EP1R317WD9K9A9D92KZ', 0),
(32, 'Project Manager', 'Neque non et. Totam exercitationem fugit? Sunt dolorum ut. Nisi natus alias. Velit fugit qui. Perspiciatis veritatis omnis. Sunt omnis aliquid; qui ex ut.', '61KYXA', 0),
(33, 'Sales Coordinator', 'Provident velit architecto. Illo in quos unde beatae nemo. Expedita velit corrupti nihil dolorem incidunt. Est molestiae sunt. Incidunt est quaerat.', '59F4Y88T3LBK3LX22S', 0),
(34, 'Credit Analyst', 'Dolorem quos sit. Voluptas et excepturi eligendi; id unde cumque ullam magni sit ut. Porro eius autem! Est accusamus nihil?', '50F5Y49XU4MHEY44WSD', 0),
(35, 'Business Analyst', 'Fugit necessitatibus aut. Eaque perspiciatis dicta? Natus similique sint. Modi non amet. Asperiores sunt porro! Rerum consequatur qui? Error ex natus;', '4VNJB9H0SM2AUCQE6', 0),
(36, 'Assistant', 'Voluptates rerum porro laudantium. Dolorem quia eos ipsam neque. Labore atque ipsum ad; voluptas non eligendi sed recusandae et. Adipisci non et.', '357J7LSBXOX35', 0),
(37, 'Senior Advisor', 'Incidunt voluptatem aspernatur. Explicabo enim blanditiis. Et incidunt quibusdam. Aliquam eligendi accusantium. Natus laudantium reprehenderit; est omnis.', '26IY152CSW5S', 0),
(38, 'Facilities Manager', 'Voluptas omnis unde. Dolore sit quia. Et est dolorem! Illum velit voluptatem. Qui fuga optio. Vero aut molestiae! Sint magni architecto. Error explicabo quis.', '8XQLTMAKM3TDTRGH456TFD52BWTHYKXCPU58Q5AN33800NJ29NOD66JE9F6O', 0),
(39, 'Project Leader', 'Quam nostrum autem. Necessitatibus provident sed. Veniam voluptate in? Natus in sit! Vero quia omnis voluptates perspiciatis delectus veniam.', '7DB8C', 0),
(40, 'Facilities Manager', 'Accusamus unde at nihil nostrum. Fuga nisi earum; delectus ad numquam voluptas molestias repellendus sit.', '3CBZZY0281J5C91WXNDDH576Y', 0),
(41, 'Finance Controller', 'Nihil aut nihil nisi dicta ut. Quaerat voluptatem dolorem rerum voluptates? Qui sed minima dicta velit et harum.', '0Q0040WTQ', 0),
(42, 'Technical Consultant', 'Aut expedita repellat sed et excepturi dolorem.', '076OWB5VM4VPQ920FTRB444', 0),
(43, 'Senior Consultant', 'Voluptas aut quia. Voluptatem alias vel. Temporibus voluptatem ut. Ea sunt similique; dolorum facilis explicabo? Eum rerum dolorem. Autem vitae ullam. Iste.', '6H1WK', 0),
(44, 'Sales Administrator', 'Dolorem deserunt non. Atque similique nesciunt! Enim voluptas sed. Corporis velit soluta! Enim nisi eveniet. Ab blanditiis repudiandae! Quasi eos consectetur?', 'TKXPEL6DYPP7', 0),
(45, 'Technical Consultant', 'Sint blanditiis in. Ut sit incidunt. Impedit reiciendis beatae. Exercitationem est nemo? Sit aliquid in; consequatur nobis aut; officiis molestiae sed? Natus...', '2S746AL930J7G9564KD8BD15NK4FK', 0),
(46, 'Network Engineer', 'Aut sequi nulla. Eos odit voluptatem. Exercitationem ipsam sed. Ea ipsa ut! Molestiae asperiores aut. Et sit quam. Minus commodi quia. Velit perferendis...', 'PVUB89RRT1P291VEN3V6SAH7N333P9Z8', 0),
(47, 'Facilities Manager', 'Ab in fugiat tempore est dicta dolores.', 'PA81BJF859X65J04606G2S6194VR2', 0),
(48, 'Development Manager', 'Fugiat ullam reiciendis. Commodi debitis fugiat nam animi sit voluptatem. Sunt laboriosam in vitae aut debitis repellat!', '58784UL2811TIZ6F71857F83PB7R195CM4V', 0),
(49, 'Admin', 'A veritatis optio. Sint qui omnis. Accusantium facilis praesentium. Quis est vel. Molestias minima quas! Dolore rerum facere. Consequatur dignissimos unde.', 'ZGW0O223616HUFUIA4MZ40QQ619SEY0KTK11X794FTI4NX188IGP71KU3O7730', 0),
(50, 'Business Coordinator', 'Quo quae nam ad laboriosam exercitationem error. Velit numquam nam nostrum sunt consequatur atque. Tempore sunt doloribus; ad est tenetur.', '18X759K76W6DC94O53MP72J', 0),
(51, 'Vice President', 'Voluptatem sit aut vel libero. Rerum omnis necessitatibus ullam officiis unde. Laboriosam veniam fugiat; aut officia ipsum. Sed voluptatem perspiciatis.', 'T', 0),
(52, 'Senior Specialist', 'Est aut voluptatem dignissimos aut autem aut. Dicta et sed modi dolores ratione reiciendis.', '8DD5K0K4T42BZ8V5G40MSF2SNJEYP150023GBSMJC7NA7ZA50Q8946J8W56', 0),
(53, 'Billing Manager', 'Voluptatem vel voluptatem rerum saepe aliquid sed. Eveniet et itaque id. Repudiandae dolorem consequatur! Laborum et qui.', 'Y1127XF4WMNZ4E919I816W3CIT1R7OAR', 0),
(54, 'Network Engineer', 'Sequi rerum saepe nobis quidem aut. Id sint esse voluptas; consectetur perferendis perspiciatis doloribus. Commodi fugiat aut fugiat dolores doloremque rerum?', '29U831G1P', 0),
(55, 'Vice President', 'Voluptas similique facilis odit voluptatem et. Amet sint omnis necessitatibus! Incidunt ab veritatis autem rerum. Dolores exercitationem rerum natus aut.', 'U8', 0),
(56, 'Product Line Manager', 'Impedit beatae rem. Consectetur ut sed. Aspernatur natus aut molestias sunt deserunt. Debitis delectus quod explicabo! Ut repudiandae architecto dolores.', 'I7QZ9IK3A0T8PGC', 0),
(57, 'Technical  Manager', 'Deleniti nesciunt ipsa. Voluptatem tempora voluptatem? Excepturi asperiores quam. Distinctio impedit odit. Ipsa itaque illum. Deserunt fuga aliquid. Unde.', '13776Y8UU0678364VUD5789B6KTC7YHN204O24YO8SRSUX80832FX67ISPWPH', 0),
(58, 'Regional Director', 'Ut quibusdam illum; sed harum earum laboriosam; velit numquam dolor ab. Cum delectus quia. Cupiditate et aut sint error provident;', 'XSD5DY495J0VXZ2G', 0),
(59, 'Chief Technology Officer', 'Consequatur eum fugit nostrum ipsam. A dolorem odit; laboriosam accusantium sapiente qui repellat sit voluptatem. Architecto ipsa est deserunt perspiciatis.', '8KB1L5E94Q651LHUVC1QM03VGD', 0),
(60, 'Collection Manager', 'Et voluptas qui et. Rerum non temporibus labore doloremque? Perspiciatis aliquam sint. Dignissimos autem est? Non dolores ut. Atque explicabo animi.', 'FA5', 0),
(61, 'Technical Director', 'Qui reiciendis unde. Quibusdam id sit. Inventore exercitationem dolores. Ab nisi minima. Aut saepe nemo. Rem ipsa pariatur? Natus et ab. Velit est.', '4U3ZM', 0),
(62, 'Vice President', 'Ducimus quasi dolorem quos non eum ullam. Modi deserunt perspiciatis rem aliquid aperiam? Aspernatur nesciunt dolores. Molestiae reiciendis impedit.', '0', 0),
(63, 'Reseller Manager', 'Sit illum et similique dolorem. Fugit dolores consequatur! Perferendis illum fugiat voluptatem rerum voluptatem dolor...', 'V33VG1Z9NV8', 0),
(64, 'Chief Information Officer', 'Voluptatem aliquid alias nihil veniam et officiis.', 'HN554I9S20MRX3CQ6S7D20R588NMAL176I35RL58Q5M49TTWVHX84', 0),
(65, 'Chief Information Officer', 'Ullam sapiente voluptas voluptates dignissimos. Molestiae sed a itaque recusandae ut dolores! Voluptas error quisquam error accusantium recusandae? Suscipit...', '7JB8', 0),
(66, 'Project Manager', 'Voluptatem provident itaque voluptas iste error sed. Error ut veniam quia molestiae eligendi eum!', 'E6', 0),
(67, 'Vice President', 'Dolore veritatis similique. Asperiores velit voluptatem. Sapiente dolores doloremque. Voluptate consequuntur aliquam; reprehenderit quia veritatis. Esse in.', '2MYN54H9SW52J6009RL81I', 0),
(68, 'Solution Architect', 'Ipsum sequi dolor. Numquam repudiandae aperiam? Reprehenderit omnis aliquid; porro quia accusamus. Aliquid velit tempora! Sit dolorum provident. Odit ut!', 'YQV57K2', 0),
(69, 'Technical Architect', 'Unde perspiciatis unde. Saepe numquam cum. Ut et dolor. Perferendis error cumque. Quis commodi beatae. Quas similique ut? Officiis impedit omnis! Dolores.', 'Q', 0),
(70, 'Secretary', 'Ut cumque consectetur. Dolorem neque eos. Voluptatibus sapiente molestiae; iste error rerum. Cum unde deserunt! Deleniti sit unde. Ipsam explicabo esse. Aut.', 'M96Y6DVI37IWY71L9P39648T4304276F47CYM02NZ01215OOE0VP274EEX4M2M9N69D', 0),
(71, 'Building Manager', 'Reiciendis quis sequi qui incidunt. Soluta nihil eligendi error et omnis cum! Inventore quae voluptates. Sequi voluptatem suscipit. Nihil qui voluptatem. In!', 'N3486V775V306J1754860WRLWYO7B4H1NJV628427GJ34JG7', 0),
(72, 'Development Manager', 'Excepturi debitis minus reiciendis aperiam. Voluptatem distinctio voluptatem ullam. Ducimus sed iusto. Voluptates totam cum adipisci. Qui minima veniam quis!', 'L8F96ENAG8JVIOE5KA4PYP2W7', 0),
(73, 'Specialist', 'Voluptatem quae veniam. Voluptatibus ipsum at. Culpa modi tenetur. Sed ipsa voluptatem. Quas et est? Sed error ipsum. Quibusdam molestiae accusamus. Et enim.', 'XU', 0),
(74, 'Secretary', 'Perspiciatis et ut cum adipisci ut quis...', '138NE97A7B7NCX85IPFRYR5XNZGBGT8582N7037', 0),
(75, 'Director of Marketing', 'Qui amet rerum. Molestiae nobis ea! Omnis aspernatur veritatis. Corrupti culpa expedita. Ut autem velit. Atque nihil maiores. Praesentium sapiente eaque. Ut.', '2RB995F2UOX2Z619CC6160O93K2905P82XG45G9746GY9320N8O', 0),
(76, 'Site Manager', 'Voluptatem autem numquam. Qui eveniet reprehenderit! Nihil consequatur sint; vel labore ratione. Voluptatum culpa veritatis! Excepturi aut et. Laudantium;', 'Z529AG1SQ4NI7B0KL7V1I43ZP2M6T3Q52BKH40T64896UE', 0),
(77, 'Advisor', 'Iure quisquam animi quos nisi sed non. Cumque ut quas voluptatem dolor eius voluptatum.', 'U31D8DDK0', 0),
(78, 'Development Manager', 'Quaerat reiciendis natus veritatis. Nesciunt placeat nemo qui illum sint eos. Molestias porro ducimus facilis et facilis est!', '4LK4MCUU', 0),
(79, 'Contract Manager', 'Similique omnis obcaecati. Unde sed et. Itaque exercitationem fuga. Et velit sint. Ut corporis quae! Aut nihil et. Quia veritatis provident. Rerum dolor!', 'U4NF7L', 0),
(80, 'Specialist', 'Vel explicabo ut sed in illo. Velit numquam sit. Maiores nisi ullam? Quisquam eos quia. Sed consequuntur consequatur. Qui perspiciatis pariatur.', 'W', 0),
(81, 'Technical Writer', 'Perspiciatis ut consequatur. Consequuntur soluta omnis. Ea et culpa; nostrum dignissimos corporis. Architecto explicabo dolor. Ipsum maiores praesentium;', '59NHIQ7L1EW4P25P0CF', 0),
(82, 'Research Engineer', 'Ullam voluptatibus rerum. Magnam et corrupti. Eius est sunt! Et incidunt dicta. Possimus aliquam deserunt? Beatae neque et. Consequatur suscipit asperiores.', '814MQ3EVXO1F7A1T26G29TW4376P4N5QW', 0),
(83, 'Secretary', 'Fugit voluptatibus fugit. Neque similique et? Aut ut natus! Sunt optio sit. Sint unde non? Iste adipisci et. Quia nihil rerum? Animi ipsa eum. Ipsa quis.', 'V8', 0),
(84, 'Vice President', 'Est velit et. Sint soluta nulla? Quam quo nisi. Autem eveniet vero! Vel est sequi? Fugit molestiae sit. Ut dolor neque? Necessitatibus odit vel.', 'RK6B', 0),
(85, 'Facilities Manager', 'Sit voluptatem vel. Architecto neque quam. Cum aut in! Enim eum qui. Dolores quas soluta. Autem est neque. Molestias qui dolorem. Accusamus soluta sint.', '08K66V0', 0),
(86, 'Consultant', 'Totam omnis impedit perspiciatis exercitationem commodi. Maxime ut fuga ullam. Ab deleniti ut quis sed fugiat; similique voluptate earum sit odit.', 'S39', 0),
(87, 'Benefit Coordinator', 'Possimus sed nulla officia nostrum mollitia error. Vel eaque quisquam qui omnis tenetur distinctio.', '3PPGV08X5LX57YFYU22P9VNG', 0),
(88, 'Senior Specialist', 'Maxime autem voluptas. Qui nisi numquam; aut error ut; quidem fuga iste. Quis tempora dolorum. Voluptatem iste eos. Unde aut hic? Non ut rerum! Beatae et.', '9K134Y0A63F544C06P0YTJ0S59', 0),
(89, 'Vice President', 'Sed deserunt officiis error illo dolore sit...', 'O', 0),
(90, 'Admin', 'Ut provident voluptatem. Dolor nemo ut. Ut qui voluptate architecto voluptatem est veritatis. Est illum quis.', '1K733', 0),
(91, 'Solution Architect', 'Magnam id provident. Nobis debitis voluptatem. Quis ipsum ut. Minima quidem numquam. Minus consectetur tempora. Quibusdam cumque sed! Est corrupti ut. Ea.', '6296NH45T41E0QD8383410', 0),
(92, 'Finance Analyst', 'Sed quam asperiores. Et dolorem autem. Voluptatibus unde ipsum. Recusandae rerum consectetur; labore quod sit. Saepe laudantium unde. Optio omnis id. Ex.', '67R773S3Q3WH08Z4I50QNH4Q06IF7FNMG898T8D1R85S03896VX', 0),
(93, 'President', 'Deserunt dolorum voluptatem error quia deserunt quas. Et asperiores et voluptatem qui at corporis.', 'RT3Y', 0),
(94, 'Senior Advisor', 'Molestiae quaerat omnis harum suscipit rerum quia. Quibusdam placeat ipsum voluptate ducimus quisquam neque.', '9XLCPKU9Y3TM0L229M8EQIRG914F68R0V', 0),
(95, 'Product Manager', 'Quaerat dolorem sit. Vel enim vel. Aut minima laboriosam. Optio error ducimus. Natus a quam! Quis tenetur ut. Excepturi sapiente unde.', 'FKD5E12QM24AS1YV9N2E', 0),
(96, 'Sales Representative', 'Id consequuntur dolore. Inventore quisquam non. Obcaecati magni minus. Minima ullam cumque. Doloribus quae delectus. Quas quo labore. Error sunt aut.', 'UTNGXN0B0055O0U2IZ54C36L29210945', 0),
(97, 'Revenue Manager', 'Itaque aut recusandae non eos omnis voluptatem. A minus quae tempora eos ea. Quia consectetur ratione. Expedita qui perspiciatis; illo et perspiciatis.', '4W8Y4Q19L57', 0),
(98, 'Specialist', 'Iste est id. Possimus omnis rerum. Fugit sed impedit. Magnam rerum id. Voluptates ipsa totam. Accusantium natus aut. Velit voluptatem voluptates. Aut ut.', '2MP8HMB892UH5GJK81N861Z46LQX1ZNBNO', 0),
(99, 'Chief Information Officer', 'Error et sed. Dolor quam et! Vel nihil rerum. Est voluptatem quis; consectetur sequi quo. Perspiciatis sunt sed! Molestias earum facilis.', '9OU03K8I9UKD786H1OQ9L8V0U4OI6S66W67M86K', 0),
(100, 'Secretary', 'Voluptate provident ut. Hic velit laboriosam! Est autem reiciendis. Accusamus veniam neque. Perspiciatis reiciendis molestiae! Perspiciatis deserunt quia.', '1YM7K26Q210H0339HZO8', 0);

--
-- Inserting data into table hs_hr_employee
--
INSERT INTO hs_hr_employee(emp_number, employee_id, emp_lastname, emp_firstname, emp_middle_name, emp_nick_name, emp_smoker, ethnic_race_code, emp_birthday, nation_code, emp_gender, emp_marital_status, emp_ssn_num, emp_sin_num, emp_other_id, emp_dri_lice_num, emp_dri_lice_exp_date, emp_military_service, emp_status, job_title_code, eeo_cat_code, work_station, emp_street1, emp_street2, city_code, coun_code, provin_code, emp_zipcode, emp_hm_telephone, emp_mobile, emp_work_telephone, emp_work_email, sal_grd_code, joined_date, emp_oth_email, termination_id, custom1, custom2, custom3, custom4, custom5, custom6, custom7, custom8, custom9, custom10, purged_at) VALUES
(5, '43037', 'Leyva', 'Ryan', 'C.', 'Ryan2018', 0, 'Balochis', '2021-09-12', 4, 1082, 'Single', '430-87-8436', '83043', '76878', '13789', '2009-05-10', '3QVB5XGHVPZA6Q0B5V2H', NULL, 16, NULL, NULL, '2376 E Burwood Highway, Sacramento, CA, 09480', '3434 SE Mount Lane, Appartment 874, Providence, Rhode Island, 33097', 'Delano', '33V13CZ41U6E20XL8RUR31QKJ419ZN9OUXBSG5LIJDQP180NLB91S05S4OBBY', '', '43037', '(654) 277-4361', '+1 037-717-6120', '(823) 678-8848', 'RyanPonder@example.com', 'D9B2X44EY152', '1983-05-11', 'wfibecvd_ukejsvv@example.com', NULL, NULL, NULL, NULL, NULL, NULL, NULL, NULL, NULL, NULL, NULL, NULL),
(6, '68431', 'Coker', 'Maryrose', 'H.', 'Janssen1973', 0, 'Vietnamese', '2012-05-06', 87, 21511, 'Single', '120-14-5987', '41914', '25066', '69968', '1972-07-31', 'NLDKLLU17I4C9B75722VZ48XP305SABN01B3C600T47O5R39Y', NULL, 18, NULL, NULL, '2309 Market Ct, Suite 66, Sacramento, CA, 59042', '424 Pine Tree Blvd, Sacramento, California, 62343', 'Ulen', '8RW2NNT3ECSEQPQ765OH168WR1KP9E1C0CVL7', '', '68431', '(551) 159-5233', '+49-1598-370404', '(284) 226-6508', 'Graig.K.Clement91@example.com', 'D', '2007-06-19', 'AdalbertoAnderson81@example.com', NULL, NULL, NULL, NULL, NULL, NULL, NULL, NULL, NULL, NULL, NULL, NULL),
(7, '63007', 'Olsen', 'Isaias', 'B.', 'Puckett588', 0, 'Kannada', '2022-11-05', 44, 5686, 'Married', '750-14-9197', '19337', '41149', '24358', '1983-09-26', '8K02L8X0P4T3', NULL, 33, NULL, NULL, '3015 Prospect Hill Loop, APT 500, Austin, Texas, 93666', '3241 Hidden Rock Hill Highway, Jefferson City, Missouri, 23095', 'Shell Lake', '979T522OJ514OXSG4', '', '63007', '(215) 589-9902', '+49 (4893) 362020', '(417) 228-8392', 'Nia_ARoper@example.com', 'Z52', '1972-01-01', 'DannieMatheny5@example.com', NULL, NULL, NULL, NULL, NULL, NULL, NULL, NULL, NULL, NULL, NULL, NULL),
(8, '15987', 'Crane', 'Danae', 'Barney', 'Donnell2009', 0, 'Circassians', '2014-07-31', 15, -95, 'Single', '390-26-2857', '68837', '16333', '04664', '2000-12-12', 'MV7JD89Q21JDLI7M6332WZO3ZYM0ER8J991A5L6X9GLLR83TS9O6FJ9CQWR9ITG27F97UE56QOYG2LD689U20RHI5ZO030OICRWU', NULL, 23, NULL, NULL, '848 Hidden Mount Loop, Providence, RI, 71625', '1957 Ski Hill Ct, Calyon Bldg, Springfield, IL, 18529', 'Ullin', '49V7K5U14WP', '', '15987', '(562) 202-1806', '+971 6 632 7620', '(650) 887-1619', 'miolz60@example.com', 'WR88J6', '1972-08-16', 'HenryHatchett258@nowhere.com', NULL, NULL, NULL, NULL, NULL, NULL, NULL, NULL, NULL, NULL, NULL, NULL),
(9, '75040', 'Holton', 'Catrice', 'U', 'Wynell1974', 0, 'Hungarians', '2021-01-04', 55, 33, 'Single', '083-08-4523', '55479', '49394', '47626', '1989-12-10', '4W6RZHFO', NULL, 95, NULL, NULL, '73 West Chapel Hill Blvd, Macy''s Building, Providence, Rhode Island, 70823', '2093 Meadowview Ln, 3rd Floor, Des Moines, IA, 61804', 'Fultonville', 'WUTDK7O6Q13', '', '75040', '(352) 904-4864', '+49 9541 873596', '(308) 023-2515', 'Carlos@example.com', 'PF61NC06', '1970-01-04', 'DylanThibodeaux@example.com', NULL, NULL, NULL, NULL, NULL, NULL, NULL, NULL, NULL, NULL, NULL, NULL),
(10, '47930', 'Libby', 'Norman', 'G', 'Donnell113', 0, 'Oromo', '2021-08-22', 81, -8865, 'Married', '904-48-7956', '44404', '62590', '87259', '2011-05-23', 'S7TSY9PMEBC335CB0OO9', NULL, 44, NULL, NULL, '174 Pine Tree Hwy, Calyon Building, Sacramento, CA, 72917', '3524 West Church Ln, Boise, ID, 09450', 'Jersey Shore', '4LYFO957819NEJ1LT4GP1498L36VY1M81W11N2XSS83318V9', '', '47930', '(583) 749-9283', '+33 8 88 33 14 32', '(941) 210-6814', 'AmadoPeter479@example.com', '8J', '2010-07-25', 'Tayna_Mesa@nowhere.com', NULL, NULL, NULL, NULL, NULL, NULL, NULL, NULL, NULL, NULL, NULL, NULL),
(11, '99022', 'Bock', 'Gilda', 'Marcus', 'Fernanda32', 0, 'Basques', '2015-03-26', 5, 17728, 'Married', '530-21-2833', '00979', '94619', '66625', '2001-11-20', 'ODL502IM254WJCPN5', NULL, 31, NULL, NULL, '2201 Hidden Edgewood Circle, Dover, Delaware, 10145', '78 Hidden Monument Court, Salt Lake City, UT, 78803', 'Mar Lin', 'RSF04J843W5ED66RD9B79PO16UM17XS3Z72JAK', '', '99022', '(892) 275-9019', '+380 11 668-512-3', '(540) 230-3309', 'Woods73@example.com', 'DW8CS2', '2004-09-19', 'Mccabe6@example.com', NULL, NULL, NULL, NULL, NULL, NULL, NULL, NULL, NULL, NULL, NULL, NULL),
(12, '66392', 'Rosenbaum', 'Gustavo', 'Jamel', 'Jose2011', 0, 'Han Chinese', '2018-12-10', 34, -1, 'Single', '733-14-3221', '05005', '04468', '52026', '2006-10-07', 'GC89A20G8', NULL, 6, NULL, NULL, '1251 South Flintwood Pkwy, Juneau, AK, 75744', '555 Market Lane, First Security Bldg, Columbus, OH, 38491', 'Chapmanville', '1K3TF60EI0WRE4255JE3OV922', '', '66392', '(619) 130-5438', '+49-1314-430574', '(583) 003-2426', 'Fultz@example.com', 'WD8N44510581N', '1970-05-13', 'Jacinto.Bourne39@example.com', NULL, NULL, NULL, NULL, NULL, NULL, NULL, NULL, NULL, NULL, NULL, NULL),
(13, '02043', 'Homan', 'Emmett', 'Mariano', 'Ai1', 0, 'Kazakhs', '2021-03-20', 45, 2, 'Single', '541-71-4488', '93161', '25892', '94153', '1970-12-31', '2C2X4T6N2MQ0XRG0M76101QTBR2LI50N030NSQ7MN82PY1MKODLZ066UQ43E6W8S6JNKN5C26B54GSGP6TBB70IY12LT30W74R8A', NULL, 50, NULL, NULL, '3341 South Riddle Hill Rd, Judge Building, Cheyenne, Wyoming, 04868', '3567 South Rock Hill Circle, Honolulu, Hawaii, 56143', 'Delaplane', 'F1IC', '', '02043', '(822) 136-0574', '+1 403-723-7435', '(294) 124-1134', 'HensonE7@example.com', 'B9', '1970-01-03', 'Janeth.ZPeacock417@example.com', NULL, NULL, NULL, NULL, NULL, NULL, NULL, NULL, NULL, NULL, NULL, NULL),
(14, '50452', 'Strong', 'Magen', 'L', 'Ariel55', 0, 'Zhuang', '2013-12-08', 100, 18927, 'Married', '890-43-0136', '91287', '05717', '28633', '1978-02-21', 'V0548N52V22Z3XFMWCNBM273R34', NULL, 12, NULL, NULL, '2689 Ashwood St, Lansing, Michigan, 74030', '263 Ashwood Blvd, Montpelier, VT, 15750', 'Funkstown', '602C5J94K7V', '', '50452', '(514) 572-4743', '+420 728 458 070', '(509) 294-9510', 'Marchand@nowhere.com', 'QVV', '1996-05-31', 'Brogan@example.com', NULL, NULL, NULL, NULL, NULL, NULL, NULL, NULL, NULL, NULL, NULL, NULL),
(15, '39042', 'Flores', 'Scottie', 'Tony', 'Ron972', 0, 'Icelanders', '2022-12-19', 56, 29355, 'Married', '422-44-4403', '71292', '56822', '78864', '1972-04-18', 'V', NULL, 4, NULL, NULL, '235 Fox Hill Blvd, MidAmerican Building, Carson City, Nevada, 08942', '112 E Social Ave, Augusta, Maine, 86057', 'Delavan', '8NRH7BJQ6W48P754J682XTKC0QNF9OZ345C803G5YW83220953', '', '39042', '(760) 008-4583', '+44 1448 412994', '(365) 363-3999', 'BradLudwig@example.com', '8QCO0D', '1973-01-16', 'AcevedoO7@nowhere.com', NULL, NULL, NULL, NULL, NULL, NULL, NULL, NULL, NULL, NULL, NULL, NULL),
(16, '27901', 'Colbert', 'Tom', 'V.', 'Moises695', 0, 'Sinhalese', '2022-04-13', 71, 740, 'Married', '246-37-3561', '51532', '48374', '83891', '1970-10-03', 'M2EX35636W9986L4H839CP9API5', NULL, 63, NULL, NULL, '931 East Farmview Road, Annapolis, MD, 33431', '119 Highland Loop, Standard Building, Madison, WI, 41384', 'Jerseyville', 'V40WGKCG30TZ48P44UX06VV8K4D0279B8R83E9NJ3MJ2GNCYQ', '', '27901', '(631) 951-8771', '+32 6 550 53 82', '(721) 089-0646', 'Shamika.Weiss74@example.com', '9', '1970-03-16', 'Bagley@example.com', NULL, NULL, NULL, NULL, NULL, NULL, NULL, NULL, NULL, NULL, NULL, NULL),
(17, '56530', 'Boehm', 'Mario', 'Humberto', 'Abraham97', 0, 'Turks', '2021-03-23', 95, -7, 'Divorced', '260-21-7671', '32811', '36473', '23147', '1977-11-13', '3SS4F29N074CI03', NULL, 51, NULL, NULL, '3312 Riddle Hill Blvd, Tallahassee, Florida, 47557', '3039 Woodbridge Loop, 3rd Floor, Jackson, MS, 32906', 'Fuquay Varina', 'ZE6DH6MI6P2YNGEZAK950J492BJ271Y4', '', '56530', '(794) 286-8452', '+49-4721-974916', '(555) 052-4715', 'Dewey.Lockett31@example.com', 'YL5326', '1972-02-18', 'James.Abrams@example.com', NULL, NULL, NULL, NULL, NULL, NULL, NULL, NULL, NULL, NULL, NULL, NULL),
(18, '31272', 'Cranford', 'Jonas', 'Elmo', 'Gaffney84', 0, 'Koreans', '2014-05-19', 46, -30516, 'Married', '203-12-1896', '18814', '67536', '78342', '2019-09-11', '57U940', NULL, 66, NULL, NULL, '3608 Ironwood Loop, Keith Bldg, Richmond, Virginia, 97471', '1346 E Meadowview Court, Diamond Building, Raleigh, North Carolina, 55033', 'Marana', 'E05QG996TCBNYC0RU22H3J05YVFI9B3911HJW7Z2', '', '31272', '(582) 531-8619', '+32 3 412 55 76', '(452) 209-6887', 'Adam277@example.com', '3C7II9722M', '2008-01-10', 'Marvin_Sammons@nowhere.com', NULL, NULL, NULL, NULL, NULL, NULL, NULL, NULL, NULL, NULL, NULL, NULL),
(19, '88926', 'Light', 'Raul', 'Z', 'Lamonica2005', 0, 'Persians', '2016-11-17', 82, 16765, 'Married', '693-45-1743', '17148', '93247', '04481', '2005-05-09', 'YRAFSQ6JW', NULL, 53, NULL, NULL, '45 North Rose Hill Rd, Topeka, Kansas, 23450', '990 Front Court, Victor Executive Building, Phoenix, AZ, 84869', 'Delaware', '2H23OTS8TYZ0', '', '88926', '(727) 852-3963', '+380 68 526-511-5', '(784) 140-5141', 'Vines@example.com', 'MTO244NL0BYOA', '2006-01-25', 'uhvz5037@example.com', NULL, NULL, NULL, NULL, NULL, NULL, NULL, NULL, NULL, NULL, NULL, NULL),
(20, '27579', 'Colburn', 'Regan', 'I.', 'Hortensia1950', 0, 'Irish', '2017-04-04', 57, -7253, 'Married', '847-76-1206', '41813', '56017', '69145', '1978-09-27', 'P9RE7I0', NULL, 93, NULL, NULL, '422 3rd Highway, APT 69, Providence, Rhode Island, 41549', '2848 Red Riddle Hill Drive, Macy''s Building, Oklahoma City, OK, 57470', 'Gabbs', '68GRBU46U3J8Z92K48OHRG87', '', '27579', '(796) 584-2768', '+33 0 48 33 36 36', '(452) 218-0856', 'AdalbertoCoyne@example.com', '71', '1977-04-17', 'Abrams@nowhere.com', NULL, NULL, NULL, NULL, NULL, NULL, NULL, NULL, NULL, NULL, NULL, NULL),
(21, '51270', 'Bogan', 'Ada', 'Pat', 'Lovie25', 0, 'Finns', '2015-12-31', 24, 20881, 'Single', '027-31-9160', '78305', '26589', '40547', '1970-11-24', 'W95E2Z4U65HJ01N3489TS8CVG95018XX9KJ0069', NULL, 60, NULL, NULL, '2129 Riddle Hill Hwy, Equitable Bldg, Jackson, MS, 29906', '791 North Rose Hill Pkwy, Standard Bldg, Raleigh, North Carolina, 80983', 'Jessieville', 'WH7', '', '51270', '(611) 696-1290', '+33 5 45 55 74 74', '(822) 251-8507', 'Krebs@example.com', '50XP9', '2008-04-08', 'ioqtlmbl.tixpho@example.com', NULL, NULL, NULL, NULL, NULL, NULL, NULL, NULL, NULL, NULL, NULL, NULL),
(22, '92130', 'Homer', 'Jasmine', 'Y.', 'Armstrong2021', 0, 'Congolese', '2020-02-21', 16, 10830, 'Married', '480-51-7962', '00478', '15818', '85170', '1970-01-16', 'RWLEOSI3W6Z284HXU6664QC4I79T9C6MSL1ALKI5F8T771CA6P5F16', NULL, 88, NULL, NULL, '995 East Monument Court, Little Rock, AR, 59295', '2275 Pine Tree Pkwy, Concord, NH, 22409', 'Delaware City', '685C19491X98Q746C69E6A4I9W54A7312BVN679IEET0NI2EOS5EWE6Y2HA4PZEL', '', '92130', '(266) 136-3628', '+44 3689 088559', '(537) 685-5381', 'Emile_Paquette@example.com', 'X', '1993-12-12', 'BoEddy388@example.com', NULL, NULL, NULL, NULL, NULL, NULL, NULL, NULL, NULL, NULL, NULL, NULL),
(23, '12852', 'Woodard', 'Tom', 'B', 'Connors4', 0, 'Kurds', '2014-04-18', 47, 22566, 'Widowed', '018-08-5263', '81609', '51623', '47409', '1972-04-24', '9486D6D1LKI8Q32RMJ5423BR', NULL, 96, NULL, NULL, '88 Church Parkway, Madison, Wisconsin, 59567', '2765 East Lake Circle, Montgomery, Alabama, 75869', 'Gabriels', 'S1792YQSC65MRU03H5X677G7ZK37Z7ZNF20A153K0N4D975D8N588I22S26741U', '', '12852', '(123) 488-1582', '+1 588-332-7311', '(755) 780-3568', 'Ma@example.com', '4QW', '1987-05-30', 'PrinceMaestas52@example.com', NULL, NULL, NULL, NULL, NULL, NULL, NULL, NULL, NULL, NULL, NULL, NULL),
(24, '01314', 'Olson', 'Spencer', 'Salvatore', 'Donovan414', 0, 'Telugu', '2021-10-25', 88, 25898, 'Single', '487-64-5101', '46434', '64850', '58149', '1994-06-17', '9NW63BFCD4SNM4732P351G1653MF7MA195QM15608L0', NULL, 64, NULL, NULL, '71 Town Highway, Calyon Bldg, Hartford, Connecticut, 26686', '397 Front Way, MidAmerican Bldg, Albany, New York, 06426', 'Shell Rock', '2ZO20FCIPPP4FQ8KM1V8AN0G4U60BI24YVO5QJUTT', '', '01314', '(927) 770-5734', '+32 1 242 94 64', '(356) 245-8030', 'eovkmw35@nowhere.com', 'A74GKXB8A5', '2007-09-22', 'Burch@example.com', NULL, NULL, NULL, NULL, NULL, NULL, NULL, NULL, NULL, NULL, NULL, NULL),
(25, '79057', 'Strother', 'Teena', 'T.', 'Amador519', 0, 'Slovaks', '2012-10-02', 72, -701, 'Single', '451-46-6282', '17959', '71429', '47801', '1970-01-12', 'P', NULL, 33, NULL, NULL, '2878 Front Blvd, Columbus, OH, 16841', '3002 Rose Hill Pkwy, Nipper Bldg, Jackson, Mississippi, 08931', 'Delaware Water Gap', 'Z17DB3JB42SG0HQ19C5Y516G9Y9L01', '', '79057', '(247) 203-2273', '+44 151 897 5175', '(871) 356-3546', 'ReedY.Calvin@example.com', '8M2U81X1LV6BE', '1989-03-16', 'JovitaElias@example.com', NULL, NULL, NULL, NULL, NULL, NULL, NULL, NULL, NULL, NULL, NULL, NULL),
(26, '47440', 'Colby', 'Dick', 'Andres', 'Laurinda395', 0, 'Italians', '2016-11-12', 58, -18630, 'Married', '460-31-8072', '84599', '47330', '06204', '1973-01-19', '0YB7', NULL, 93, NULL, NULL, '368 West Stonewood Ln, Duke Energy Bldg, Salt Lake City, UT, 51160', '576 Meadowview Blvd, Dover, Delaware, 19737', 'Basin', '0SK9HHGJEYW5K76FN', '', '47440', '(571) 630-4594', '+44 655 403 5637', '(264) 871-5267', 'snxdxd091@example.com', 'A5BN69E43Z8JF', '2008-06-08', 'LawrenceE@example.com', NULL, NULL, NULL, NULL, NULL, NULL, NULL, NULL, NULL, NULL, NULL, NULL),
(27, '32460', 'Florez', 'Brendon', 'T.', 'Abreu1991', 0, 'Turkmens', '2021-08-16', 96, -26834, 'Single', '467-57-6467', '95039', '79502', '78158', '2000-10-10', '664R6B0I199BIOT353TBBMP40B3MH33060EJ1L3BWTNZ82O1MV6Y0CEZP', NULL, 96, NULL, NULL, '759 NE Front Road, Appartment 54, Little Rock, Arkansas, 71094', '1631 West Quailwood Ln, Sacramento, California, 07094', 'Gackle', '69FZ2', '', '32460', '(844) 702-7671', '+971 8 249 5235', '(668) 772-2159', 'BernardoManley28@nowhere.com', 'W', '1972-05-28', 'Acker664@example.com', NULL, NULL, NULL, NULL, NULL, NULL, NULL, NULL, NULL, NULL, NULL, NULL),
(28, '85651', 'Woodbury', 'Zana', 'D.', 'Erik48', 0, 'Bengalis', '2019-09-07', 6, 2948, 'Married', '301-97-8814', '51055', '47774', '48239', '2020-03-05', 'Z', NULL, 62, NULL, NULL, '719 New Hope Blvd, Annapolis, MD, 28162', '385 Ironwood Ln, Columbus, OH, 51973', 'Marathon', 'Q3', '', '85651', '(459) 460-5016', '+49-3802-969691', '(871) 343-2567', 'Sigler559@nowhere.com', 'O1D5680IY', '1998-07-25', 'xmjsoc4343@nowhere.com', NULL, NULL, NULL, NULL, NULL, NULL, NULL, NULL, NULL, NULL, NULL, NULL),
(29, '74728', 'Lightfoot', 'Shelia', 'G', 'Mickey85', 0, 'Kyrgyz', '2021-02-03', 48, 27751, 'Married', '073-31-4142', '73336', '20459', '16428', '1975-01-12', '93J', NULL, 48, NULL, NULL, '296 Riverside Road, Plaza Building, Santa Fe, NM, 55568', '2629 Hidden Monument Street, Richmond, Virginia, 38524', 'Zuni', '97803330F4521OY91O540X6K8B5SSIA47', '', '74728', '(464) 824-8148', '+49 (6391) 412784', '(386) 578-5455', 'BritneyAlaniz@nowhere.com', 'ZGGQ8S', '2018-07-19', 'MichaelChristenson@example.com', NULL, NULL, NULL, NULL, NULL, NULL, NULL, NULL, NULL, NULL, NULL, NULL),
(30, '25767', 'Rosenberg', 'Caroyln', 'D.', 'Reynaldo79', 0, 'Hindustani', '2020-05-06', 35, 8958, 'Married', '858-37-8384', '16582', '10212', '43059', '1982-03-24', '823G8SGBG92827PI8O0077', NULL, 63, NULL, NULL, '2492 South Hunting Hill Drive, Nashville, Tennessee, 81595', '65 Riddle Hill Rd, Fisher Bldg, Madison, Wisconsin, 95592', 'Chappaqua', 'LJDM27F7XAL', '', '25767', '(821) 262-7388', '+49 3382 409136', '(333) 458-8997', 'obdzgqao_jvpbdr@example.com', '66', '1976-08-15', 'Conklin66@example.com', NULL, NULL, NULL, NULL, NULL, NULL, NULL, NULL, NULL, NULL, NULL, NULL),
(31, '12039', 'Stroud', 'Santos', 'A.', 'Fred1986', 0, 'Thais', '2020-09-26', 89, 46, 'Married', '370-17-3497', '21508', '88398', '21280', '1970-07-07', 'XR8244P635KZ09AX6RJYM6YKXA2316601SU31E0SJDPY5K86H2QIWQ66W5JN8635KPA', NULL, 29, NULL, NULL, '2522 Bayview Street, 3rd Floor, Denver, CO, 40155', '2905 West Deepwood Hwy, Madison, WI, 97420', 'Delbarton', 'NI1W4A490', '', '12039', '(644) 466-0424', '+33 8 88 12 29 55', '(102) 714-8937', 'Sneed@example.com', '29', '1970-01-05', 'CoraRupp@example.com', NULL, NULL, NULL, NULL, NULL, NULL, NULL, NULL, NULL, NULL, NULL, NULL),
(32, '20605', 'Honeycutt', 'Audra', 'Adolfo', 'Dane1954', 0, 'French', '2021-01-10', 25, 375, 'Married', '779-59-4527', '98007', '05269', '18552', '1986-06-13', 'F8K032EVD6NX0U8S94X8DON', NULL, 37, NULL, NULL, '115 New Hunting Hill Ave, MidAmerican Bldg, Lincoln, NE, 08636', '237 Bayview Pkwy, Plaza Building, Bismarck, ND, 33627', 'Jessup', '24EC29L8127S7D2SU6OJUO4K8H', '', '20605', '(939) 562-6261', '+49 (7183) 253519', '(784) 700-4155', 'kolnbfjs_wlpq@example.com', 'LM5', '1970-02-07', 'AlidaBurney@nowhere.com', NULL, NULL, NULL, NULL, NULL, NULL, NULL, NULL, NULL, NULL, NULL, NULL),
(33, '17082', 'Craven', 'Lenora', 'P.', 'Andersen2007', 0, 'Ukrainians', '2021-01-19', 97, -1, 'Married', '426-55-1572', '19165', '80986', '83411', '1970-01-03', '199351XXY', NULL, 1, NULL, NULL, '1948 NW Cedar Tree Blvd, Buhl Bldg, Richmond, Virginia, 12545', '2839 W Beachwood Loop, Equitable Building, Phoenix, AZ, 14123', 'Gadsden', 'WSIQ86T84JR8MOTH0H16H14M6576OP3381384S6SJLQU', '', '17082', '(984) 640-4831', '+380 63 957-761-9', '(512) 631-3648', 'AlfredoBottoms47@example.com', 'Z7', '1970-05-08', 'Marvin@example.com', NULL, NULL, NULL, NULL, NULL, NULL, NULL, NULL, NULL, NULL, NULL, NULL),
(34, '32865', 'Woodcock', 'Rowena', 'Darren', 'Lucia2018', 0, 'Japanese', '2021-11-16', 59, 22299, 'Married', '321-57-5451', '45847', '36569', '59114', '1996-11-18', '0SR22U4RDM35WDRS7R6KW913BQA27CAU8S4322SU4Z2V36ZM2R65U6Y4R6JUO3HD169EM7PF4T42XX48392OWIL37672340', NULL, 64, NULL, NULL, '92 West Riverside Highway, Honolulu, Hawaii, 60906', '519 White Flintwood Highway, Baton Rouge, LA, 73431', 'Marble', 'T21IN075', '', '32865', '(917) 160-4313', '+49 (3238) 071509', '(323) 554-8589', 'Kidwell@nowhere.com', '3', '2000-10-21', 'Mason4@example.com', NULL, NULL, NULL, NULL, NULL, NULL, NULL, NULL, NULL, NULL, NULL, NULL),
(35, '99207', 'Boggs', 'Reuben', 'Edgar', 'Stevie592', 0, 'Croats', '2012-11-23', 17, -5, 'Married', '738-58-4691', '15613', '98280', '49490', '2012-11-03', 'H7', NULL, 7, NULL, NULL, '73 White Brentwood Lane, 2nd Floor, Madison, Wisconsin, 82111', '89 Brentwood Way, Montgomery, Alabama, 22483', 'Ulster Park', '0394B03EQ90490R9IOOPH', '', '99207', '(449) 614-6503', '+44 9099 05 5366', '(503) 609-6497', 'Sewell44@nowhere.com', 'O5', '1971-08-18', 'ruusnz8818@example.com', NULL, NULL, NULL, NULL, NULL, NULL, NULL, NULL, NULL, NULL, NULL, NULL),
(36, '61517', 'Ligon', 'Latoria', 'Adalberto', 'Loren1952', 0, 'Tibetan', '2012-01-16', 90, 5666, 'Divorced', '636-51-1241', '93067', '12262', '37487', '2018-06-27', 'IDPJELE057G3FDXTT75T5LY0J32ELD5068F3C4JAD6837WADF9K96SEE1X0V42441JW', NULL, 79, NULL, NULL, '80 NE Quailwood Highway, Appartment 13, Madison, WI, 98248', '3130 Old Market Ln, STE 27, Concord, New Hampshire, 23261', 'Palm Harbor', 'S00QZOH1650I7617M2NMM112Z67ZU1UHD5393V0349SX7R71Q14407EH684OSDZU903Q3V3IBF3Z3Z07N624DRQOB57CS1958U', '', '61517', '(496) 818-6454', '+420 303 487 614', '(927) 255-4309', 'Salas@nowhere.com', 'U', '1970-02-26', 'edllajhp_zwhaedzkir@example.com', NULL, NULL, NULL, NULL, NULL, NULL, NULL, NULL, NULL, NULL, NULL, NULL),
(37, '10319', 'Cole', 'Cherelle', 'Abe', 'Doherty2022', 0, 'Uyghur', '2021-03-11', 98, 15456, 'Single', '278-99-1093', '37197', '93462', '76533', '1981-04-06', 'N', NULL, 30, NULL, NULL, '33 Sharp Hill Loop, Bartlett Building, Columbia, SC, 90416', '3869 SE Deepwood Hwy, Little Rock, Arkansas, 26508', 'Jesup', '8LZPF175SIZTF25Y26CK98C3T233H', '', '10319', '(322) 971-7211', '+44 5180 68 4125', '(483) 402-1551', 'Shawnta.Boggs@nowhere.com', '3O12L', '1992-01-14', 'Martindale5@example.com', NULL, NULL, NULL, NULL, NULL, NULL, NULL, NULL, NULL, NULL, NULL, NULL),
(38, '74916', 'Hong', 'Adan', 'V.', 'Minter1993', 0, 'Berbers', '2014-04-24', 7, 4724, 'Single', '499-13-4146', '17500', '60315', '18922', '1992-06-04', 'Z3S120L9F4YV8R626V09238C1N89', NULL, 4, NULL, NULL, '1821 White Hunting Hill Pkwy, Victor Executive Bldg, Madison, WI, 00961', '856 Red Rushwood Highway, Penobscot Building, Bismarck, North Dakota, 51513', 'Marble Falls', 'FZBPYTW8PSD4', '', '74916', '(814) 279-1666', '+49-3511-482674', '(206) 746-3193', 'RegineDevries@example.com', '8O3Y', '1979-12-24', 'Cameron682@nowhere.com', NULL, NULL, NULL, NULL, NULL, NULL, NULL, NULL, NULL, NULL, NULL, NULL),
(39, '04803', 'Strunk', 'Angelo', 'Solomon', 'Shawnee499', 0, 'Malays', '2021-01-05', 49, -18828, 'Married', '378-87-6431', '14057', '26597', '96300', '2019-08-11', 'XOLT3FU90', NULL, 61, NULL, NULL, '1540 Brentwood Highway, Lincoln, NE, 02745', '1758 East Rushwood Ln, Jefferson City, Missouri, 38777', 'Rupert', 'TUEIM77CRI92NR047GX6943J8WS64V6497JX73341HKQOV93H6GV', '', '04803', '(599) 959-5932', '+971 6 460 3015', '(513) 063-2867', 'SharronT.Branson779@nowhere.com', 'VRI3', '2021-02-02', 'MicheleBauman7@example.com', NULL, NULL, NULL, NULL, NULL, NULL, NULL, NULL, NULL, NULL, NULL, NULL),
(40, '19164', 'Flowers', 'Nicki', 'O.', 'Alonzo1966', 0, 'Poles', '2016-12-07', 83, -8, 'Married', '369-74-1475', '45222', '50163', '77754', '2006-07-30', 'IH2', NULL, 56, NULL, NULL, '373 W Stonewood Ln, Montpelier, Vermont, 33130', '97 Rockwood Highway, Montpelier, VT, 56752', 'Shelley', 'FMM3F2K9000GF2CO', '', '19164', '(267) 854-2624', '+44 9463 221009', '(427) 848-0637', 'wung3@example.com', 'K2S', '1970-03-27', 'Suzette.FDove@nowhere.com', NULL, NULL, NULL, NULL, NULL, NULL, NULL, NULL, NULL, NULL, NULL, NULL),
(41, '04775', 'Liles', 'Riley', 'U', 'Franklyn1993', 0, 'Spaniards', '2015-04-01', 73, 25830, 'Divorced', '575-70-2383', '18288', '94741', '93428', '2000-12-29', '82UYDMS7BC1M7', NULL, 88, NULL, NULL, '3876 East Ski Hill Loop, Raleigh, North Carolina, 71524', '64 Prospect Hill Ct, Duke Energy Bldg, Cheyenne, Wyoming, 24931', 'Basking Ridge', 'OM9K5T6ZTNM089A6T285U867737IJ5E3F54695PP545DT6A22WE', '', '04775', '(204) 701-6134', '+1 456-223-5857', '(498) 138-6853', 'EzraAbernathy@example.com', '22140UH73W903', '1981-08-25', 'RashadE_Webber42@nowhere.com', NULL, NULL, NULL, NULL, NULL, NULL, NULL, NULL, NULL, NULL, NULL, NULL),
(42, '68851', 'Hood', 'Sylvie', 'A', 'Cedric24', 0, 'Hui', '2012-07-08', 36, -8675, 'Married', '957-76-3255', '03422', '89599', '11708', '1980-12-06', '41C2', NULL, 27, NULL, NULL, '1482 Mount Rd, Sacramento, CA, 86598', '117 White Chapel Hill Highway, Lincoln, Nebraska, 19623', 'Chappell', 'Q5W1W31KIC437OKOLMXH690MKSC7R09J691OWN970WA29M0188K0O3J8L8C986DD0KNLI062R9NC0365', '', '68851', '(903) 053-4482', '+32 4 754 59 47', '(544) 507-2413', 'Herring5@nowhere.com', '032', '2004-05-31', 'AgustinaGallagher56@nowhere.com', NULL, NULL, NULL, NULL, NULL, NULL, NULL, NULL, NULL, NULL, NULL, NULL),
(43, '12696', 'Crawford', 'Ada', 'Darrin', 'Numbers5', 0, 'Javanese', '2020-02-11', 60, -284, 'Single', '888-10-0715', '52511', '48606', '22952', '2012-09-09', '8I8H33SCYV886IQV07M6E9V3', NULL, 25, NULL, NULL, '3318 Edgewood Dr, MidAmerican Building, Helena, Montana, 10265', '1739 Red Chapel Hill Loop, Richmond, Virginia, 90376', 'Delcambre', 'ML55YJ93543Y4I0Y00559IQDGO', '', '12696', '(741) 983-0278', '+44 8531 217917', '(381) 574-8035', 'Burns3@example.com', '86P', '1977-10-14', 'Carroll_Levine51@nowhere.com', NULL, NULL, NULL, NULL, NULL, NULL, NULL, NULL, NULL, NULL, NULL, NULL),
(44, '64904', 'Wooden', 'Laurence', 'Anthony', 'Abel928', 0, 'Portuguese', '2021-11-27', 84, 27819, 'Single', '095-66-9822', '12787', '68312', '94614', '1980-10-31', '7X3E5OQG2MNKCN2841T', NULL, 1, NULL, NULL, '943 Sharp Hill Ct, Cheyenne, WY, 74782', '3058 Market Court, Salem, OR, 59672', 'Ulysses', 'TY708I5I52AFKF25INVR81LW0466QHY1709944QGXYUAE024IK1ER4355JA184N82I6XI6D', '', '64904', '(577) 939-8211', '+380 30 176-921-2', '(818) 714-4137', 'Runyon@nowhere.com', '0QDXP6', '2005-04-30', 'AlinaAbraham@example.com', NULL, NULL, NULL, NULL, NULL, NULL, NULL, NULL, NULL, NULL, NULL, NULL),
(45, '87319', 'Olvera', 'Domonique', 'Pierre', 'Rafaela98', 0, 'Marathi', '2021-07-10', 50, -12297, 'Single', '938-69-4623', '09299', '93168', '74418', '2000-10-16', 'ATPYE8UF0ZR35FG49W6X0Z0', NULL, 30, NULL, NULL, '60 SE Hunting Hill Lane, Comcast Building, Annapolis, Maryland, 91495', '2018 White Meadowview Drive, Albany, New York, 49897', 'Bass Harbor', '0UQ3M06AYL3C8TV284499PBXFEK639XD5W1NO67J018T83I7JI71Q8D54QAB459Z65FF5709C', '', '87319', '(302) 906-7290', '+420 505 232 131', '(787) 306-9631', 'Tommie_Rosen@example.com', 'X0TF37FP', '2019-11-27', 'Abrams466@example.com', NULL, NULL, NULL, NULL, NULL, NULL, NULL, NULL, NULL, NULL, NULL, NULL),
(46, '46601', 'Rosenthal', 'Leonardo', 'Tony', 'Marlin1969', 0, 'Czechs', '2020-07-19', 18, -8441, 'Married', '450-02-8228', '13500', '23345', '69863', '1982-06-20', '89O41KCT6I8C57GM81YO1', NULL, 79, NULL, NULL, '3788 Fox Hill Drive, Trenton, NJ, 71407', '971 West Rushwood St, First Security Bldg, Springfield, Illinois, 63603', 'Shellman', 'AF1', '', '46601', '(135) 029-7754', '+52 13 6266 0012', '(807) 190-1027', 'Leeper@example.com', 'C', '1970-03-29', 'Caudle66@nowhere.com', NULL, NULL, NULL, NULL, NULL, NULL, NULL, NULL, NULL, NULL, NULL, NULL),
(47, '82235', 'Bohannon', 'Trinidad', 'Rhett', 'Shirlene5', 0, 'Swedes', '2013-11-06', 74, 887, 'Married', '769-80-6820', '27009', '20500', '84958', '1975-05-24', '5826J7P389P9054V7U91U59GMK3J89W57T6TC', NULL, 63, NULL, NULL, '987 Bayview Dr, Salem, OR, 64642', '2636 Quailwood Loop, Oklahoma City, OK, 50349', 'Palm Springs', '1G8W', '', '82235', '(548) 592-4920', '+44 7265 948586', '(924) 924-5094', 'njsj2@nowhere.com', 'SU4D', '1970-03-30', 'Hogg@nowhere.com', NULL, NULL, NULL, NULL, NULL, NULL, NULL, NULL, NULL, NULL, NULL, NULL),
(48, '48880', 'Stuart', 'Arline', 'J.', 'Adcock9', 0, 'Jews', '2012-11-27', 61, -21427, 'Single', '264-52-8564', '25533', '59726', '25127', '2012-01-23', '97V7DLK4HV40HTI887D', NULL, 84, NULL, NULL, '2196 Market Circle, Topeka, KS, 03145', '2229 Social Ave, Columbus, OH, 67845', 'Chappell Hill', '626S4XIK333N529N4X6Q23UKE0P1J40J2OW386L3VKUB3OF565BC67', '', '48880', '(784) 694-9479', '+971 5 192 5705', '(372) 533-7061', 'BrettE_Warfield19@example.com', 'L043O', '1995-11-07', 'nnyhnwbh72@nowhere.com', NULL, NULL, NULL, NULL, NULL, NULL, NULL, NULL, NULL, NULL, NULL, NULL),
(49, '72467', 'Omalley', 'Hyman', 'C.', 'Martin514', 0, 'Gagauz', '2015-01-30', 26, -8946, 'Single', '469-51-1879', '65676', '35352', '64277', '2014-01-30', '9G3UB943673E3YDWKO67J', NULL, 36, NULL, NULL, '3389 N Deepwood Hwy, Penobscot Building, Nashville, Tennessee, 25686', '2210 White Glenwood St, Victor Executive Building, Des Moines, Iowa, 79439', 'Umatilla', '6064L320DW1F1', '', '72467', '(819) 679-5983', '+44 3260 94 8665', '(558) 037-1834', 'Vernell_Brogan@example.com', '6ARWUR0', '1985-01-04', 'MicheleJeffers14@example.com', NULL, NULL, NULL, NULL, NULL, NULL, NULL, NULL, NULL, NULL, NULL, NULL),
(50, '79880', 'Woodley', 'Edison', 'Minh', 'Andrade2025', 0, 'Punjabis', '2019-04-25', 64, 19101, 'Married', '254-68-7893', '46245', '43319', '14118', '2019-12-22', 'OHG9549KM45FVBL7A1FG768LS1O17C7AZ8RHU6', NULL, 50, NULL, NULL, '514 Hidden Market Court, Equitable Building, Cheyenne, WY, 45974', '442 Front Ct, Denver, Colorado, 21042', 'Gaffney', 'JR6R517', '', '79880', '(535) 526-3131', '+44 4797 234488', '(734) 741-1273', 'Marcene.Bordelon469@example.com', 'E', '1977-01-17', 'FaustinoWatson6@example.com', NULL, NULL, NULL, NULL, NULL, NULL, NULL, NULL, NULL, NULL, NULL, NULL),
(51, '88559', 'Floyd', 'Issac', 'Alexis', 'Salazar2006', 0, 'Norwegians', '2022-09-03', 51, 402, 'Divorced', '983-11-2100', '03005', '28065', '59951', '2007-07-26', '1018NJQ3ZD7E7V', NULL, 96, NULL, NULL, '3487 White Riverview Dr, Albany, NY, 11984', '346 1st Highway, STE 5596, Hartford, CT, 50360', 'Bassett', '5GQVX5OO35H136MW0UR74YB6L773R58JF0NWV', '', '88559', '(861) 993-6864', '+52 29 6928 2618', '(573) 741-4801', 'BruceAddison@example.com', '94', '1970-02-10', 'Caron@example.com', NULL, NULL, NULL, NULL, NULL, NULL, NULL, NULL, NULL, NULL, NULL, NULL),
(52, '16588', 'Ross', 'Beaulah', 'I', 'Kelley2029', 0, 'Danes', '2016-02-06', 37, -13153, 'Married', '951-49-9060', '76014', '37148', '20436', '1976-09-07', 'S770W', NULL, 9, NULL, NULL, '3655 Sharp Hill St, Duke Energy Building, Columbus, Ohio, 70470', '2094 Mount Parkway, Suite 680, Pierre, South Dakota, 97922', 'Shellsburg', '485SIAZZA53K081HHM22XLS333A19YRBOS7YN09YIVGN4XQ890F10HC721G9G0X39', '', '16588', '(680) 595-0090', '+44 522 291 8824', '(591) 104-7785', 'ScottLoyd328@example.com', '19', '1997-01-22', 'Dino.Juarez@nowhere.com', NULL, NULL, NULL, NULL, NULL, NULL, NULL, NULL, NULL, NULL, NULL, NULL),
(53, '14073', 'Stubblefield', 'Warren', 'I', 'Aleida2025', 0, 'Macedonians', '2016-12-26', 62, 32763, 'Married', '793-70-6420', '98892', '76020', '61198', '2011-03-31', 'GBEHP203EZGMC3H868HOPXH25CUNYTP6ICW85375M9P817115Q88SO82MBD35A9QC0F7FKQ1ZPM3A49E85JCD7I01', NULL, 45, NULL, NULL, '3684 N Woodfort Loop, Montgomery, Alabama, 72124', '969 South Edgewood Highway, Dover, Delaware, 30055', 'Delhi', 'L3ATHK1SM583814K78TA5O1C9V1D94FZ9SVG121PW637SLXO9', '', '14073', '(797) 684-3784', '+55 55 6481-0775', '(248) 013-6019', 'TobieBlaylock@example.com', '64', '1978-11-06', 'adlzlozf.cliz@example.com', NULL, NULL, NULL, NULL, NULL, NULL, NULL, NULL, NULL, NULL, NULL, NULL),
(54, '33459', 'Coleman', 'Florrie', 'Z', 'Acosta1958', 0, 'Laz', '2012-12-03', 52, 2000, 'Single', '055-58-7032', '61659', '95892', '96819', '1977-01-24', 'C6Z909MEME49600FTNBU3Z', NULL, 90, NULL, NULL, '2899 East Market Ave, STE 118, Annapolis, Maryland, 79654', '2968 Burwood Lane, Enquirer Bldg, Raleigh, North Carolina, 65338', 'Unalaska', 'MSM10Q4N37N6PS1KTX124473H3NC69350Y04X47N3XR100YD7L4J577ZVM1S507O', '', '33459', '(585) 736-2866', '+44 7432 532501', '(824) 646-2934', 'kenejq4036@example.com', 'J1T97JI', '1970-01-21', 'Leroy@example.com', NULL, NULL, NULL, NULL, NULL, NULL, NULL, NULL, NULL, NULL, NULL, NULL),
(55, '13242', 'Oneal', 'Willian', 'Warren', 'Miner1953', 0, 'Galician', '2021-12-01', 27, 209, 'Divorced', '084-22-4941', '28815', '48679', '50095', '2012-02-06', 'E26NK2ZG5D36XQ6LCO4B6Y443N0R30', NULL, 95, NULL, NULL, '473 Bayview Blvd, Montpelier, Vermont, 56979', '924 East Flintwood Road, Dover, Delaware, 69421', 'Shelter Island', '9WARS70S11CUI6', '', '13242', '(822) 272-7975', '+420 768 238 545', '(546) 992-5745', 'Aide_Sayre@example.com', '74BE', '1970-01-21', 'NicoleOdonnell473@example.com', NULL, NULL, NULL, NULL, NULL, NULL, NULL, NULL, NULL, NULL, NULL, NULL),
(56, '37056', 'Woodruff', 'Isiah', 'Darron', 'Adalberto2015', 0, 'Dutch', '2018-11-16', 38, -16537, 'Single', '711-70-1764', '26757', '83223', '91583', '2017-04-17', '7J27X7B22QKB87D22J134F07K08I41T61VTH9BAXRH5W3FSCKM73YIR2Q6Y88B4HUEX9GCL03D1Z0B9E2K0571EDU5S64FF3KO90', NULL, 53, NULL, NULL, '3885 Farmview Highway, Buhl Bldg, Dover, Delaware, 32312', '2509 SW Prospect Hill Blvd, Enquirer Building, Olympia, Washington, 29466', 'Gail', 'H6', '', '37056', '(243) 715-0087', '+49 (0247) 568087', '(871) 572-8513', 'FredericNapier398@nowhere.com', 'W73IT', '2003-10-14', 'Efren.Adair791@example.com', NULL, NULL, NULL, NULL, NULL, NULL, NULL, NULL, NULL, NULL, NULL, NULL),
(57, '40974', 'Bohn', 'Christina', 'D', 'Demetra1954', 0, 'Biharis', '2018-09-05', 8, -32004, 'Single', '059-24-4520', '18277', '71494', '90514', '1970-01-08', 'HJ7L4526Z96N4', NULL, 29, NULL, NULL, '211 Hunting Hill Hwy, Equitable Bldg, Dover, Delaware, 03665', '2687 Stonewood Loop, Salem, Oregon, 46499', 'Dell City', 'HBSCZL232800G2A3D2Z78G87FX7Y59B728DRUTQ9L63238B05XPQ69L4CL0XP77KMD73U9T6D', '', '40974', '(628) 337-0835', '+44 8555 222890', '(551) 992-8631', 'Maire.Stanton5@example.com', 'Q19', '2005-09-10', 'CruzBowers@example.com', NULL, NULL, NULL, NULL, NULL, NULL, NULL, NULL, NULL, NULL, NULL, NULL),
(58, '99834', 'Stubbs', 'Rikki', 'B.', 'Benefield1976', 0, 'Tuaregs', '2014-02-06', 91, -19756, 'Single', '235-41-3146', '24971', '89080', '13307', '2008-04-28', 'JD5KOCVP291DN2O7IPF07QR0K7JZF0C6', NULL, 76, NULL, NULL, '2158 Hidden Woodhurst Ln, Olympia, Washington, 91744', '2983 6th Drive, Plaza Bldg, Saint Paul, Minnesota, 68073', 'Rural Hall', '9E8OQN371Q6CY1C382C28', '', '99834', '(718) 628-3922', '+52 23 7653 8985', '(553) 782-8947', 'Andre@example.com', 'Y0OJ964452216', '1977-02-09', 'Atherton932@example.com', NULL, NULL, NULL, NULL, NULL, NULL, NULL, NULL, NULL, NULL, NULL, NULL),
(59, '97779', 'Woods', 'Luba', 'Blaine', 'Aline2001', 0, 'Albanians', '2021-05-12', 19, 5399, 'Married', '139-26-4001', '49403', '19706', '71753', '2022-02-14', 'A0ZCB0L49YM8K41CTFYQ9NJ9G9R18ZFL297071F7B302SHMDDU3M0H1YB3KV3C75P0B1647JFZ0D', NULL, 7, NULL, NULL, '3081 S Market Ct, Springfield, Illinois, 51792', '3776 N Glenwood Court, 1st FL, Dover, DE, 40415', 'Jetersville', '08SXONX', '', '97779', '(329) 815-6311', '+44 196 373 7317', '(201) 094-3607', 'Porfirio_Brewster@example.com', 'OK1JM07', '1970-02-23', 'Breaux819@nowhere.com', NULL, NULL, NULL, NULL, NULL, NULL, NULL, NULL, NULL, NULL, NULL, NULL),
(60, '70696', 'Coles', 'Michael', 'Antoine', 'Adah1984', 0, 'Germans', '2012-03-18', 28, -332, 'Married', '221-82-0348', '36125', '85819', '46631', '1980-04-04', '7', NULL, 99, NULL, NULL, '71 East Ashwood Pkwy, Fisher Building, Albany, NY, 30437', '1254 Rose Hill Way, 1st Floor, Columbia, SC, 22137', 'Palmdale', '1H', '', '70696', '(967) 328-5745', '+380 16 352-469-4', '(935) 783-0088', 'Mervin.Locklear@nowhere.com', 'V5O', '1979-02-09', 'CartwrightF@example.com', NULL, NULL, NULL, NULL, NULL, NULL, NULL, NULL, NULL, NULL, NULL, NULL),
(61, '15030', 'Boisvert', 'Gerda', 'X', 'Albers312', 0, 'English', '2021-01-14', 39, 687, 'Widowed', '166-49-3413', '67357', '45420', '13263', '2006-10-01', '85YO7T1HVY84G9BUO8PX8591386931WUFK1IB9YAR6I', NULL, 10, NULL, NULL, '2294 NE Monument Highway, Duke Energy Building, Trenton, New Jersey, 77277', '1984 Rushwood Hwy, First Security Bldg, Montpelier, VT, 96507', 'Gaines', '3QN6PB4U80O4XIM46H699933Q920', '', '15030', '(842) 460-8947', '+380 78 800-406-6', '(281) 891-8075', 'gnjsg4@example.com', 'I2G', '1970-03-10', 'OtiliaDMccarty@example.com', NULL, NULL, NULL, NULL, NULL, NULL, NULL, NULL, NULL, NULL, NULL, NULL),
(62, '74031', 'Crawley', 'Dorthey', 'I.', 'Thurston1951', 0, 'Greeks', '2021-01-11', 29, -93, 'Married', '836-54-4299', '16994', '78915', '79144', '1985-07-20', '283FMSSY3JY1EUDY7B7Y', NULL, 37, NULL, NULL, '3877 Red Sharp Hill Ct, 82th FL, Jackson, Mississippi, 42918', '3727 Town Ct, Pierre, SD, 30664', 'Dell Rapids', '5U0D5SP13G00V00FE20T9R3QIWRP7M54A7157TKP0PW87872', '', '74031', '(588) 790-7568', '+420 936 814 337', '(145) 159-1324', 'Leonia.Painter172@example.com', 'R0', '1972-07-26', 'JohnnieQuiroz@example.com', NULL, NULL, NULL, NULL, NULL, NULL, NULL, NULL, NULL, NULL, NULL, NULL),
(63, '57232', 'Lilley', 'Chastity', 'I', 'Lavenia1964', 0, 'Bosniaks', '2015-01-22', 9, 26307, 'Single', '923-88-3374', '71896', '11145', '08956', '2010-07-20', 'T9WU', NULL, 19, NULL, NULL, '202 Bayview Ave, Nashville, Tennessee, 24885', '1478 Rock Hill Lane, Dover, DE, 71887', 'Gainesboro', '0PH', '', '57232', '(445) 085-1422', '+52 54 3553 1909', '(436) 852-0657', 'Carrol_Mahan@example.com', '8', '1974-06-16', 'dzujhgzd_cgkusw@nowhere.com', NULL, NULL, NULL, NULL, NULL, NULL, NULL, NULL, NULL, NULL, NULL, NULL),
(64, '12988', 'Flynn', 'Fredia', 'M', 'Avery1', 0, 'Estonians', '2021-07-02', 40, 8309, 'Single', '047-60-4432', '33845', '31378', '85549', '2016-03-22', 'OU09AAC92XUFDO2Q1XOBD6YDP84F5', NULL, 91, NULL, NULL, '3707 Oak Blvd, APT 797, Juneau, AK, 40593', '139 Church Circle, Judge Building, Charleston, WV, 45761', 'Rush', '2OS7QYU106789F776', '', '12988', '(829) 578-3671', '+49 (9937) 605777', '(665) 930-7318', 'Solano891@example.com', 'S7CIT8LT5CP1C', '2008-03-03', 'Golden86@nowhere.com', NULL, NULL, NULL, NULL, NULL, NULL, NULL, NULL, NULL, NULL, NULL, NULL),
(65, '39460', 'Coley', 'Cassie', 'Rueben', 'Adela6', 0, 'Arabs', '2012-12-18', 20, -2184, 'Married', '715-00-5279', '86272', '37624', '45683', '2021-10-10', 'MA17INQ479N81D355LD356RPUF', NULL, 33, NULL, NULL, '3945 Rockwood Hwy, Indianapolis, IN, 11082', '1158 Glenwood Court, Salt Lake City, UT, 22959', 'Delmar', 'KD8A984', '', '39460', '(528) 740-4876', '+380 98 637-698-1', '(181) 835-5932', 'GoebelE@example.com', '24', '1970-04-23', 'Kauffman@example.com', NULL, NULL, NULL, NULL, NULL, NULL, NULL, NULL, NULL, NULL, NULL, NULL),
(66, '58684', 'Boland', 'Lavona', 'Bennie', 'Kieth249', 0, 'Georgians', '2012-10-30', 30, -8141, 'Single', '555-67-8046', '24526', '84392', '41471', '1971-07-30', '43U299Z6P13GJPI51PNUCEYZ2119208J69G3X7RX1A1QCA64C4DZV0SN8', NULL, 87, NULL, NULL, '244 Hidden Quailwood Rd, Plaza Building, Saint Paul, Minnesota, 87403', '2296 Market Ct, Bartlett Building, Augusta, Maine, 20780', 'Palmer', 'U53IA5H21UO30FW9P2TE99PV7G6NHN5O80906QVTDP052Q3GLOU15', '', '58684', '(358) 419-0729', '+971 2 728 5165', '(722) 275-8373', 'Jayson_Angel893@nowhere.com', '1', '1992-04-16', 'Dalton_Jacobson8@example.com', NULL, NULL, NULL, NULL, NULL, NULL, NULL, NULL, NULL, NULL, NULL, NULL),
(67, '57367', 'Collado', 'Adah', 'Armando', 'Jerry786', 0, 'Bulgarians', '2015-05-15', 99, 23, 'Single', '518-32-0096', '71465', '61846', '88512', '2011-08-19', 'V4CX3P1TY2T507G9DUR3Y', NULL, 10, NULL, NULL, '3025 Sharp Hill Loop, Charleston, West Virginia, 04079', '3175 East Hazelwood Rd, 1st FL, Des Moines, Iowa, 12390', 'Gainesville', 'OC059JIH076E62RHLA44RK7393ARMCINB02B9CXIS9N0SMSVQ1Q28O55190OI5Z22FJMLU8E6H0322070E75344XN6H18J6678N6', '', '57367', '(831) 218-3557', '+52 48 8239 9030', '(386) 401-7331', 'Jonathan.Fuller6@example.com', 'M5IG5', '1970-01-03', 'SaraBinder@example.com', NULL, NULL, NULL, NULL, NULL, NULL, NULL, NULL, NULL, NULL, NULL, NULL),
(68, '60136', 'Crayton', 'Nelson', 'S', 'Deidra463', 0, 'Tamils', '2022-06-27', 75, -14, 'Married', '494-53-4812', '44138', '15657', '97128', '2010-09-25', 'D40QRHWK72XT6J014L', NULL, 16, NULL, NULL, '26 Ironwood Highway, STE 6952, Boston, MA, 45561', '88 New Quailwood Ln, Dover, DE, 71565', 'Marble Hill', 'AJ1V6GWR774MXHTZ', '', '60136', '(314) 040-0136', '+49 (5117) 163108', '(424) 347-6593', 'BobbyTucker@example.com', '97KM', '1970-05-21', 'Hilton@example.com', NULL, NULL, NULL, NULL, NULL, NULL, NULL, NULL, NULL, NULL, NULL, NULL),
(69, '39150', 'Bolden', 'Alice', 'E.', 'Ernest2013', 0, 'Faroese', '2012-12-23', 63, 19370, 'Single', '975-56-9313', '43700', '40162', '17476', '1971-05-22', '1L2S9', NULL, 47, NULL, NULL, '441 78th Circle, Guardian Bldg, Austin, Texas, 25461', '802 Red Rockwood Highway, Frankfort, Kentucky, 08521', 'Chardon', 'O', '', '39150', '(103) 107-1522', '+1 710-860-6221', '(451) 043-9708', 'TheoAbel@example.com', 'RA', '1970-05-03', 'Abrams@example.com', NULL, NULL, NULL, NULL, NULL, NULL, NULL, NULL, NULL, NULL, NULL, NULL),
(70, '84376', 'Fogle', 'Abe', 'T', 'Conner981', 0, 'Armenians', '2022-01-17', 10, -29163, 'Single', '856-45-2072', '39258', '14202', '58489', '1983-07-11', '801594Q46H64G9X', NULL, 82, NULL, NULL, '1443 Quailwood Blvd, Montgomery, AL, 56281', '3507 Riverside Drive, Duke Energy Building, Santa Fe, New Mexico, 19607', 'Uncasville', '5VB82O1DL6E5WU453H0Z4M73SA9YY203N8QQK69WEOL33G7K9UJ', '', '84376', '(531) 547-5534', '+1 442-955-0881', '(370) 833-9120', 'Sawyer3@example.com', 'AZ', '1974-09-18', 'kndbepef.enpsmtwg@example.com', NULL, NULL, NULL, NULL, NULL, NULL, NULL, NULL, NULL, NULL, NULL, NULL),
(71, '09349', 'Collazo', 'Anthony', 'Y.', 'Zetta92', 0, 'Gujaratis', '2015-06-04', 65, 15301, 'Married', '188-23-6810', '78688', '45041', '32582', '2017-08-09', '6C98', NULL, 42, NULL, NULL, '736 Red Waterview Road, Nipper Building, Lansing, MI, 84451', '64 Quailwood Way, Appartment 297, Indianapolis, IN, 89113', 'Rush City', 'TW1ZUPNKB4K6VFK4Q36465IB7838Z7F7J24G7K5365170MNR561CL5', '', '09349', '(736) 087-6565', '+55 25 8301-4276', '(583) 913-5905', 'Smiley392@nowhere.com', 'RW13', '1977-12-15', 'Selby@example.com', NULL, NULL, NULL, NULL, NULL, NULL, NULL, NULL, NULL, NULL, NULL, NULL),
(72, '90189', 'Hook', 'Dominic', 'S', 'Cowles2027', 0, 'Catalans', '2020-05-04', 76, 25899, 'Married', '711-90-7568', '47364', '03792', '45246', '1984-07-21', 'NSE0B407N6H867NY69M8577W223T9O49C99', NULL, 21, NULL, NULL, '3811 Red Farmview Highway, Calyon Bldg, Helena, Montana, 05567', '1928 New Lake Court, Lincoln, Nebraska, 81531', 'Bastian', '78F406UY0QO446G668C45FAV18SMD2BB34812W4KWX5R52E7HRU73XX1550YEBS8264X', '', '90189', '(394) 070-5067', '+380 33 003-906-1', '(336) 172-6356', 'MarilynStory6@example.com', 'ML', '2014-11-29', 'Rosanna.Cantrell49@example.com', NULL, NULL, NULL, NULL, NULL, NULL, NULL, NULL, NULL, NULL, NULL, NULL),
(73, '61852', 'Rosser', 'Delma', 'Mohamed', 'Gant59', 0, 'Romanians', '2021-06-24', 92, 21270, 'Divorced', '087-94-1521', '83503', '40957', '81635', '1986-07-29', 'H90RG43Q0CL3C8140IK3938Z77D533E1D7149116FPYB1RJPH11PR02C', NULL, 2, NULL, NULL, '674 Cedar Tree Ct, Annapolis, MD, 70753', '1079 Hunting Hill Pkwy, Fisher Bldg, Hartford, Connecticut, 08039', 'Chariton', '935YQS1AR777NV71PN2WU6I8', '', '61852', '(187) 396-2780', '+49 (1153) 124898', '(369) 425-8370', 'Detra_Peebles877@example.com', '67G33Z2B7Y302', '1973-03-28', 'Ferreira@example.com', NULL, NULL, NULL, NULL, NULL, NULL, NULL, NULL, NULL, NULL, NULL, NULL),
(74, '31246', 'Stuckey', 'Ria', 'Edgar', 'Johnathon1989', 0, 'Manchu', '2014-11-21', 85, 28883, 'Married', '518-34-8757', '27329', '10483', '75011', '1993-11-17', 'O66WBHL9N566J9CLK', NULL, 73, NULL, NULL, '924 NW Riverside Parkway, Kearns Building, Olympia, WA, 22926', '2376 Lake Ct, Carson City, NV, 34907', 'Jetmore', 'J10746', '', '31246', '(135) 895-2542', '+49 (5940) 388683', '(302) 543-4820', 'FritzMoyer36@example.com', 'OY', '2001-12-07', 'Rusty_Lafferty@nowhere.com', NULL, NULL, NULL, NULL, NULL, NULL, NULL, NULL, NULL, NULL, NULL, NULL),
(75, '43136', 'Creamer', 'Beula', 'R.', 'Abe2021', 0, 'Scottish', '2016-10-29', 21, -6564, 'Divorced', '088-62-5785', '06254', '14680', '71291', '2003-10-02', '7Z4V4T71O3RS8655H8871A97', NULL, 56, NULL, NULL, '12 Highland Hwy, Kearns Building, Sacramento, CA, 42809', '3908 Burwood Hwy, Buhl Building, Tallahassee, FL, 63327', 'Marblehead', 'N', '', '43136', '(177) 444-9333', '+1 517-378-5130', '(773) 766-1283', 'Cruz_Kirby894@example.com', 'HV', '1987-12-22', 'GusAcker44@example.com', NULL, NULL, NULL, NULL, NULL, NULL, NULL, NULL, NULL, NULL, NULL, NULL),
(76, '97183', 'Oneil', 'Suzette', 'E', 'Keneth811', 0, 'Filipinos', '2012-01-06', 11, -6848, 'Divorced', '148-98-0495', '34609', '60401', '00621', '1978-12-09', '8LQJG9HL6E12J530211PN9M19DB39A2VHA1BOUF3W5', NULL, 61, NULL, NULL, '760 E Flintwood Ave, Superior Building, Oklahoma City, Oklahoma, 90467', '19 Chapel Hill Cir, 2nd FL, Cheyenne, Wyoming, 70369', 'Palmer Lake', '1M172U', '', '97183', '(170) 149-0886', '+49 (7038) 635989', '(173) 929-2408', 'DanielaAbbott@example.com', '27A', '2014-06-15', 'JerriAcker848@example.com', NULL, NULL, NULL, NULL, NULL, NULL, NULL, NULL, NULL, NULL, NULL, NULL),
(77, '42535', 'Rossi', 'Daryl', 'Huey', 'Mitch1966', 0, 'Mongols', '2021-09-16', 66, 26239, 'Single', '084-42-9016', '54666', '14270', '58325', '2008-01-31', 'TL74', NULL, 22, NULL, NULL, '282 Social Blvd, Calyon Building, Tallahassee, Florida, 15171', '458 NW Hazelwood Way, Appartment 601, Montgomery, Alabama, 97892', 'Rush Valley', '3NKMZGT41M2H0H7', '', '42535', '(533) 147-7188', '+33 5 03 18 34 56', '(144) 451-7389', 'Annabelle.Forte@example.com', '04', '1986-07-27', 'Abel@example.com', NULL, NULL, NULL, NULL, NULL, NULL, NULL, NULL, NULL, NULL, NULL, NULL),
(78, '19608', 'Lilly', 'Reggie', 'Grover', 'Alexis1975', 0, 'Serbs', '2021-02-07', 77, -17665, 'Married', '004-74-3279', '12712', '29169', '67311', '1970-01-20', '34OE8Q19XK63IH95753R2', NULL, 30, NULL, NULL, '16 Hunting Hill Hwy, Hartford, Connecticut, 43639', '2926 Quailwood Court, Oklahoma City, OK, 02860', 'Bastrop', '50K21Y1CNK23Q0XS4AMH56PX580YD7LLV2SIS5JD', '', '19608', '(769) 853-3398', '+971 5 106 6835', '(168) 697-4428', 'Abney1@nowhere.com', 'VQRYM', '2019-06-24', 'TracieTijerina733@example.com', NULL, NULL, NULL, NULL, NULL, NULL, NULL, NULL, NULL, NULL, NULL, NULL),
(79, '18395', 'Hooker', 'Christene', 'E.', 'Jonah1968', 0, 'Assyrians', '2022-11-11', 67, 19185, 'Divorced', '821-03-6139', '55907', '33601', '17572', '2001-01-17', 'ZZ5N6L4A18J', NULL, 33, NULL, NULL, '2493 Chapel Hill Pkwy, Oklahoma City, Oklahoma, 23603', '530 Parkwood Lane, Nipper Building, Santa Fe, NM, 80553', 'Charlemont', 'ER99Y2G58KIR3U7NB005QCB694', '', '18395', '(221) 188-7977', '+49-6360-533431', '(312) 504-7899', 'cmmxkcxt8@nowhere.com', '7C', '1993-05-01', 'Anjanette_ZWelsh@example.com', NULL, NULL, NULL, NULL, NULL, NULL, NULL, NULL, NULL, NULL, NULL, NULL),
(80, '75522', 'Foley', 'Dean', 'Z.', 'Starla317', 0, 'Pashtuns', '2021-04-04', 1, 10193, 'Single', '703-53-8141', '95983', '95816', '66969', '1978-12-19', 'N5A2V517BMBK4H1C9XDDT1U2E', NULL, 30, NULL, NULL, '2451 Ironwood Ct, Saint Paul, MN, 37571', '849 Burwood Drive, Bismarck, North Dakota, 19324', 'Batavia', 'FR04LE7F6S0R389EI32RTSOR2XY68F41O69T2B4W40', '', '75522', '(776) 513-1929', '+44 956 648 4546', '(380) 594-6916', 'ClaudeVoss881@example.com', '8Z5V9', '2009-06-26', 'Quinones@nowhere.com', NULL, NULL, NULL, NULL, NULL, NULL, NULL, NULL, NULL, NULL, NULL, NULL),
(81, '09712', 'Creech', 'Ronna', 'Ellsworth', 'Nathan1983', 0, 'Sindhis', '2012-01-07', 93, -2329, 'Married', '303-10-0109', '75971', '61017', '73434', '1972-06-07', 'A', NULL, 67, NULL, NULL, '83 Hazelwood Highway, Judge Bldg, Santa Fe, New Mexico, 67733', '2261 Town Loop, Kearns Bldg, Atlanta, GA, 27853', 'Palmerton', 'T92511099W3Y9C5M0KX6538H1', '', '09712', '(316) 103-2640', '+49 2022 840442', '(711) 246-4189', 'JonahVillareal@nowhere.com', 'D', '1976-05-18', 'Shirley9@example.com', NULL, NULL, NULL, NULL, NULL, NULL, NULL, NULL, NULL, NULL, NULL, NULL),
(82, '88639', 'Oneill', 'Clemente', 'Q', 'Basil263', 0, 'Chuvash', '2018-10-07', 12, 21055, 'Single', '181-78-9087', '55174', '72961', '42599', '2003-02-08', 'L8W20SDCX5597X128', NULL, 90, NULL, NULL, '60 Edgewood Way, Concord, New Hampshire, 86363', '2482 Ski Hill Rd, Plaza Building, Denver, Colorado, 15549', 'Jewell', 'N02IPFF2V7TYVEI110RUXY6P1LX', '', '88639', '(133) 595-3059', '+52 33 9201 3607', '(179) 808-8788', 'AdamQHadley@nowhere.com', '18R94242E', '1983-03-21', 'YolandaAtwell@example.com', NULL, NULL, NULL, NULL, NULL, NULL, NULL, NULL, NULL, NULL, NULL, NULL),
(83, '74715', 'Roth', 'Ambrose', 'Rodrick', 'Elvina2025', 0, 'Zhuang', '2021-04-21', 53, 6754, 'Single', '929-51-1291', '28973', '56286', '31768', '2019-03-23', 'K', NULL, 3, NULL, NULL, '345 Red Farmview Street, Diamond Bldg, Juneau, Alaska, 34230', '948 Red Riddle Hill Blvd, Madison, Wisconsin, 24150', 'Rushford', 'G34642SH796DKM0GWSTJ479053R5', '', '74715', '(150) 886-7437', '+49-0589-891171', '(656) 528-4956', 'Yasmine_Mahoney@nowhere.com', '1', '1993-07-01', 'Anthony.Whitmore7@example.com', NULL, NULL, NULL, NULL, NULL, NULL, NULL, NULL, NULL, NULL, NULL, NULL),
(84, '09524', 'Ontiveros', 'Adaline', 'Benjamin', 'Fulton1977', 0, 'Han Chinese', '2012-09-19', 2, -72, 'Single', '997-51-6567', '82586', '86301', '85305', '1972-07-09', 'Z5B1B1O4WVTN36OBNBDP087BGYN824CKGF0M4C9L97X3ZBJE05G878H7IW4T7WPC341I70U49DDAJP3JO22079E275URS7WE0Q20', NULL, 58, NULL, NULL, '88 SW Brentwood Cir, Comcast Bldg, Harrisburg, PA, 64765', '518 Red Ashwood Parkway, Comcast Bldg, Tallahassee, Florida, 90146', 'Shelton', '2XP77ZQS8ST19B7F1', '', '09524', '(170) 725-9041', '+49 (4531) 954392', '(775) 455-8097', 'ErvinCarrion@nowhere.com', 'HP4L', '1971-12-31', 'BuenoG@example.com', NULL, NULL, NULL, NULL, NULL, NULL, NULL, NULL, NULL, NULL, NULL, NULL),
(85, '90994', 'Folse', 'Aleta', 'H', 'Jolanda311', 0, 'Oromo', '2013-10-01', 13, -29725, 'Single', '231-86-2780', '76427', '93745', '91253', '1970-01-03', 'FSE0CDFR495T30FYQT8', NULL, 13, NULL, NULL, '574 2nd Highway, Juneau, Alaska, 82765', '1262 Edgewood Cir, APT 55, Albany, New York, 00781', 'Palmetto', '59A3A632WCKR3JJ965L6Z8BA85C44ARS', '', '90994', '(830) 411-0281', '+32 6 286 07 96', '(282) 341-6830', 'Agustin_Abreu@nowhere.com', '3B7T4', '1972-06-06', 'tabija5@example.com', NULL, NULL, NULL, NULL, NULL, NULL, NULL, NULL, NULL, NULL, NULL, NULL),
(86, '95916', 'Lim', 'Eliseo', 'Antwan', 'Sikes288', 0, 'Kannada', '2022-10-22', 43, -28207, 'Divorced', '151-90-0232', '63623', '75780', '69010', '1992-06-22', 'E47370SR55Z', NULL, 27, NULL, NULL, '2484 Hidden Hazelwood Ln, Concord, New Hampshire, 31107', '533 East Riddle Hill Circle, Harrisburg, Pennsylvania, 60028', 'Rushville', 'AWF8V338L4IL3P51', '', '95916', '(255) 829-2049', '+1 913-710-2678', '(136) 504-9046', 'DaniellaBenton@nowhere.com', '0', '1970-12-16', 'Catarina.JBernstein@example.com', NULL, NULL, NULL, NULL, NULL, NULL, NULL, NULL, NULL, NULL, NULL, NULL),
(87, '93525', 'Creel', 'Vania', 'Myles', 'Jasper1', 0, 'Balochis', '2013-07-26', 86, 2066, 'Single', '627-77-0817', '48027', '62335', '93605', '1989-11-20', '914X05DXRP2F0', NULL, 15, NULL, NULL, '3591 New Ski Hill Avenue, Harrisburg, PA, 10929', '370 Waterview Pkwy, Concord, NH, 08475', 'Underhill', 'E503K8MHE30XJ1VT672I6A379Q0V65AHBS2NQ1QQWN155T', '', '93525', '(361) 071-6000', '+420 109 830 992', '(438) 741-6359', 'amgklbrl8@example.com', '55', '2021-05-07', 'ValerioS796@example.com', NULL, NULL, NULL, NULL, NULL, NULL, NULL, NULL, NULL, NULL, NULL, NULL),
(88, '28541', 'Woodson', 'Veronica', 'Antwan', 'Adela715', 0, 'Vietnamese', '2019-03-01', 41, 23724, 'Single', '933-22-0163', '98486', '54819', '56680', '2011-03-08', '5Y14Y532PPU85M0C5S1752O8O601JKYA16ZQJN2K76226U', NULL, 76, NULL, NULL, '293 Mount Blvd, Augusta, ME, 47988', '88 Chapel Hill Ln, Oklahoma City, OK, 67567', 'Marceline', '0XO635IW3FWVXAR35I01W906K4JF3LK5G9C308PUR73Q63PQ44D5SEP5ZVV', '', '28541', '(520) 174-3925', '+49 (1026) 904423', '(586) 546-9849', 'Brigitte_DCosgrove@example.com', 'P094V8SDUSOTD', '2017-09-11', 'Furman169@example.com', NULL, NULL, NULL, NULL, NULL, NULL, NULL, NULL, NULL, NULL, NULL, NULL),
(89, '68040', 'Folsom', 'Rhett', 'R', 'Hettie491', 0, 'Finns', '2014-01-29', 54, 2117, 'Single', '108-66-2628', '95538', '37536', '84009', '1972-11-26', 'GV0DG6P9KY72R34NR30WW9BY7RJ7XF0I6KNAS980C9837JD19JYW73Q', NULL, 78, NULL, NULL, '55 Lake Hwy, Fisher Building, Dover, Delaware, 99783', '1968 East Church Avenue, Jefferson City, Missouri, 78628', 'Delmont', 'E2', '', '68040', '(834) 402-6518', '+49-9749-431807', '(875) 987-3810', 'WernerMorrill8@example.com', 'JJ', '1985-07-22', 'zgrrb6072@example.com', NULL, NULL, NULL, NULL, NULL, NULL, NULL, NULL, NULL, NULL, NULL, NULL),
(90, '84153', 'Creighton', 'Foster', 'Z', 'Shelton1970', 0, 'Turks', '2015-06-19', 31, -796, 'Married', '601-22-3914', '48913', '82839', '65408', '2011-06-10', '0334XF0RH85YR1NYQU5R4O4S5GW9E93Z0C3C1YL6FQ94A8XX3FW88848T3E0', NULL, 96, NULL, NULL, '1876 Stonewood Pkwy, Montgomery, AL, 33756', '3768 Fox Hill Loop, Oklahoma City, Oklahoma, 11616', 'Shenandoah', 'BNKSJ7R5', '', '84153', '(428) 968-4548', '+380 66 719-411-6', '(627) 535-5813', 'MelvaAbreu315@nowhere.com', '4', '1991-10-18', 'Florencio_L_Basham8@nowhere.com', NULL, NULL, NULL, NULL, NULL, NULL, NULL, NULL, NULL, NULL, NULL, NULL),
(91, '56741', 'Stull', 'Nakesha', 'N', 'Earlie1973', 0, 'Sinhalese', '2021-03-31', 94, 19280, 'Married', '426-55-0881', '85070', '21713', '85395', '2009-10-23', 'T3E542P894U4Q55O965609YM9GR4N32NO10Y08W65', NULL, 61, NULL, NULL, '1062 Front Pkwy, Plaza Bldg, Columbus, OH, 83004', '600 Buttonwood Way, Standard Bldg, Raleigh, North Carolina, 81056', 'Gaithersburg', '47T51', '', '56741', '(115) 315-7449', '+55 47 3658-8165', '(317) 035-6129', 'Abel@example.com', '2222QX', '2000-10-30', 'Fincher@example.com', NULL, NULL, NULL, NULL, NULL, NULL, NULL, NULL, NULL, NULL, NULL, NULL),
(92, '25039', 'Hooks', 'Mitsuko', 'Toby', 'Raines1961', 0, 'Hungarians', '2020-08-18', 78, 15803, 'Single', '539-18-7797', '80467', '42922', '40322', '1970-06-28', '4UIB4M709VF4W710L737LAW4LZR13JH59V1KZ1G40EY5SZ1A2P990P661Z9C01XC', NULL, 12, NULL, NULL, '3143 North Cedar Tree Ct, Calyon Building, Albany, NY, 29094', '1962 Stonewood Way, Montgomery, AL, 40052', 'Jewett City', '13M32LM1Z3GRY07H3Z63B9686N5ZX27AU7HOCGP5W6S3WS502323K3Q1VB57F0BV857V6TRGC7XBHN96G27XM6Y8CPT5Y520AJA0', '', '25039', '(702) 167-6671', '+1 317-214-6244', '(936) 972-9193', 'GlennScholl@example.com', 'L0', '1989-12-22', 'Wilfred.Caron879@example.com', NULL, NULL, NULL, NULL, NULL, NULL, NULL, NULL, NULL, NULL, NULL, NULL),
(93, '76514', 'Bolduc', 'Adriene', 'E', 'Yessenia2006', 0, 'Kazakhs', '2021-01-31', 3, 6972, 'Single', '759-04-1345', '90707', '00616', '58428', '1988-06-06', '556655YX95FL209J5QI', NULL, 95, NULL, NULL, '327 Rockwood Road, Nipper Building, Austin, TX, 77399', '13 W Glenwood Lane, Tallahassee, Florida, 04366', 'Charles City', '2V5W681XI907292T998310FO0VLV', '', '76514', '(887) 911-7298', '+49 (6679) 421411', '(330) 569-0222', 'CoralLemke@example.com', 'R6890', '1970-03-11', 'Mintz@nowhere.com', NULL, NULL, NULL, NULL, NULL, NULL, NULL, NULL, NULL, NULL, NULL, NULL),
(94, '69704', 'Woodward', 'Monty', 'Jefferson', 'Addie3', 0, 'Icelanders', '2015-04-02', 68, -311, 'Married', '034-06-1036', '39428', '72346', '12822', '1977-11-30', '7586ERBR1O4YL9KCW', NULL, 37, NULL, NULL, '1539 Red Rock Hill Way, Columbus, Ohio, 04691', '96 8th Pkwy, Lansing, Michigan, 70830', 'Palmyra', 'MU20W24A22937WS246ZB4H33V34421IF9W7085G0MSCO152761W5', '', '69704', '(932) 932-4828', '+380 14 975-601-9', '(125) 467-5159', 'Robinson@nowhere.com', '91V', '1978-07-10', 'Roy.UAbernathy@example.com', NULL, NULL, NULL, NULL, NULL, NULL, NULL, NULL, NULL, NULL, NULL, NULL),
(95, '96330', 'Colley', 'Eldridge', 'Q', 'Leora1988', 0, 'Persians', '2021-03-24', 14, 23372, 'Divorced', '403-98-6568', '48405', '87813', '20103', '1970-01-06', 'XF', NULL, 53, NULL, NULL, '159 New Quailwood Pkwy, Des Moines, Iowa, 23296', '3273 Ashwood Ct, Fisher Building, Columbia, SC, 02854', 'Bates City', 'UG88CLWH', '', '96330', '(511) 758-2810', '+971 6 467 4060', '(395) 635-8459', 'NickolasBunnell1@nowhere.com', 'F7KD9', '1974-12-18', 'Swartz68@nowhere.com', NULL, NULL, NULL, NULL, NULL, NULL, NULL, NULL, NULL, NULL, NULL, NULL),
(96, '39478', 'Lima', 'Laurence', 'Aubrey', 'Roland1968', 0, 'Telugu', '2015-09-19', 42, 15716, 'Single', '315-00-0509', '31603', '64746', '64900', '2013-04-10', 'T83D1457T7U79I386', NULL, 83, NULL, NULL, '673 S Beachwood Lane, 3rd Floor, Nashville, Tennessee, 12653', '1900 West Waterview Ct, Equitable Building, Baton Rouge, LA, 46281', 'Underwood', '5E2R6P92RGF5H06NNKO1L463J1JNDO56B8695M0U450TUA4T7494D13YMJZ3N1H5KMK8AA3PT5HE0PK271L450G00L815G18HPOP', '', '39478', '(649) 318-0642', '+44 9711 225543', '(126) 264-8036', 'eocg9314@example.com', '0S7', '1980-02-18', 'RachelWesley@example.com', NULL, NULL, NULL, NULL, NULL, NULL, NULL, NULL, NULL, NULL, NULL, NULL),
(97, '22194', 'Rounds', 'Dinah', 'W.', 'Leif1995', 0, 'Slovaks', '2016-12-31', 32, 10082, 'Married', '886-74-0223', '57695', '51532', '84047', '1970-04-10', '6DX1VO', NULL, 27, NULL, NULL, '3783 Stonewood Hwy, Jackson, MS, 99131', '3153 Buttonwood Dr, Bartlett Bldg, Montpelier, VT, 12340', 'Delphi', 'HQ38W', '', '22194', '(912) 109-8309', '+32 9 948 73 83', '(431) 251-2780', 'AdanBegley@example.com', '4KY3', '1988-08-16', 'Kozlowski@example.com', NULL, NULL, NULL, NULL, NULL, NULL, NULL, NULL, NULL, NULL, NULL, NULL),
(98, '37986', 'Fong', 'Danyell', 'Antione', 'Ault1963', 0, 'Turkmens', '2012-01-03', 22, -13490, 'Single', '137-67-0416', '33618', '89730', '59650', '1970-01-03', '7674T128N3E2NIGGV5', NULL, 64, NULL, NULL, '775 North Burwood Ave, Phoenix, AZ, 70870', '347 South Bayview Hwy, 1st Floor, Phoenix, Arizona, 82364', 'Galatia', '05QLMN38LI', '', '37986', '(959) 880-2659', '+44 6588 393970', '(939) 335-9892', 'IanVann@example.com', 'FRQ', '2021-02-28', 'Ackerman8@example.com', NULL, NULL, NULL, NULL, NULL, NULL, NULL, NULL, NULL, NULL, NULL, NULL),
(99, '80299', 'Ordonez', 'Jena', 'Q.', 'Allison196', 0, 'Koreans', '2019-01-13', 79, 9578, 'Married', '852-04-8788', '00882', '68581', '93571', '1980-02-14', 'VU9DTC7862T', NULL, 26, NULL, NULL, '2145 Mount Ct, Columbia, SC, 55803', '2391 East Sharp Hill Ct, Annapolis, MD, 94213', 'Delphos', '5BC', '', '80299', '(588) 072-1571', '+49 (2587) 108649', '(472) 532-6964', 'Lindsy_Acevedo65@example.com', '03', '1971-04-08', 'Bethea@example.com', NULL, NULL, NULL, NULL, NULL, NULL, NULL, NULL, NULL, NULL, NULL, NULL),
(100, '06349', 'Stump', 'Barbra', 'Alexis', 'Leilani2021', 0, 'Circassians', '2012-04-24', 69, 19290, 'Divorced', '177-00-7071', '16862', '63241', '23896', '1970-12-05', 'RE975UKYPS6RS27U673B04464MF696R9Q3P03W7S2D95Q7I6IFJ62272PHA3X2837LL4G6RXO716325NE53ZJ0HLR1403Z533K4M', NULL, 3, NULL, NULL, '12 White Farmview Ln, Fisher Building, Richmond, VA, 08189', '2799 West Monument Way, Charleston, West Virginia, 93144', 'Shenorock', 'D7FX80TKZKCNKCXPM10VE44HKZS6W9Z945ZB2AE44O7680A8IIM5', '', '06349', '(618) 747-6666', '+32 2 272 22 81', '(592) 484-9759', 'Blair_XDayton@example.com', '5S341M', '2006-01-30', 'Geer@example.com', NULL, NULL, NULL, NULL, NULL, NULL, NULL, NULL, NULL, NULL, NULL, NULL),
(101, '90501', 'Bolen', 'Ellie', 'X', 'Zoraida2', 0, 'Basques', '2013-11-07', 33, 20253, 'Married', '853-88-7784', '79631', '98333', '30585', '1974-11-08', '9X84258V91TZQ8UELR5C085AZ6W188L1SPKEAQY32971', NULL, 11, NULL, NULL, '75 Red Beachwood Hwy, 3rd Floor, Jackson, Mississippi, 76166', '720 South Riddle Hill Street, Standard Building, Richmond, VA, 13012', 'Charles Town', 'TX6Z5', '', '90501', '(545) 132-7598', '+49 1577 715113', '(506) 732-6274', 'Ahmad.Larson94@nowhere.com', 'TUM', '1995-05-03', 'Means@example.com', NULL, NULL, NULL, NULL, NULL, NULL, NULL, NULL, NULL, NULL, NULL, NULL),
(102, '99570', 'Collier', 'Laurence', 'Irvin', 'Vito821', 0, 'Poles', '2019-02-12', 23, 32175, 'Married', '360-40-3581', '22809', '04585', '46435', '1970-01-06', '0XEP6RYQY13426RFKZ085413YV', NULL, 90, NULL, NULL, '2067 White Pine Tree Pkwy, 76th Floor, Santa Fe, New Mexico, 43534', '219 1st St, Suite 8226, Santa Fe, NM, 99424', 'Uniondale', '72AXXTKN86X69X60QV3471ZXUK03RZ46', '', '99570', '(241) 430-8447', '+420 340 146 155', '(354) 585-5121', 'Green9@example.com', '0H', '2006-05-11', 'Rosenberg@nowhere.com', NULL, NULL, NULL, NULL, NULL, NULL, NULL, NULL, NULL, NULL, NULL, NULL),
(103, '01423', 'Boles', 'Adam', 'Armand', 'Cheri983', 0, 'Hindustani', '2012-05-18', 80, 6, 'Married', '744-92-2934', '83812', '23129', '58901', '2016-08-21', '78OTQNWAAHR39X47BV5USSNISG4GU', NULL, 20, NULL, NULL, '3092 Riverside Circle, Jefferson City, MO, 13029', '1999 N Front Ln, Judge Bldg, Hartford, Connecticut, 92034', 'Batesburg', '2YB3Q5CO5SF93JZ6IIA65320Y28050O53492VS8KCALQQ6E', '', '01423', '(979) 497-7858', '+49-7487-862175', '(324) 172-3183', 'Eddy_L.Leonard@nowhere.com', 'HN', '1970-01-07', 'Zaragoza@nowhere.com', NULL, NULL, NULL, NULL, NULL, NULL, NULL, NULL, NULL, NULL, NULL, NULL),
(104, '37592', 'Woodworth', 'Miles', 'J.', 'Council1973', 0, 'Irish', '2012-05-04', 70, 316, 'Divorced', '940-56-6483', '27503', '27980', '36205', '1970-01-02', 'FMTK1NS7KJ78Q48J053G0V4778M3', NULL, 28, NULL, NULL, '476 NW Glenwood Parkway, Olympia, Washington, 10361', '2562 Hidden Pine Tree Circle, Concord, NH, 45150', 'Galax', 'DRH920JZ93906RI3U820QVMPKC58Z869JOR2A21SM47UD4ZQS', '', '37592', '(566) 924-6720', '+44 144 821 3038', '(949) 728-0353', 'JosefaMabe@example.com', '4EAJXO3', '1970-02-01', 'jatu8009@example.com', NULL, NULL, NULL, NULL, NULL, NULL, NULL, NULL, NULL, NULL, NULL, NULL);

--
-- Inserting data into table ohrm_user
--
INSERT INTO ohrm_user(id, user_role_id, emp_number, user_name, user_password, deleted, status, date_entered, date_modified, modified_user_id, created_by) VALUES
(5, 2, 102, 'Mcarthur2024', '$2y$12$Yc7Nf87MC7y83yGpQ8qoDul4cJ0538uz3coDGns71smQRFwWnZAbe', 1, 1, '2008-11-22 17:08:23', '2001-10-04 04:23:10', NULL, 1),
(6, 2, 98, 'Andrew6', '$2y$12$Yc7Nf87MC7y83yGpQ8qoDul4cJ0538uz3coDGns71smQRFwWnZAbe', 1, 0, '1982-05-13 20:53:16', '1970-01-01 00:00:18', NULL, 1),
(7, 2, 17, 'Dane275', '$2y$12$Yc7Nf87MC7y83yGpQ8qoDul4cJ0538uz3coDGns71smQRFwWnZAbe', 0, 1, '1982-05-28 09:10:10', '1970-01-01 00:00:01', NULL, 1),
(8, 2, 12, 'Nickie1976', '$2y$12$Yc7Nf87MC7y83yGpQ8qoDul4cJ0538uz3coDGns71smQRFwWnZAbe', 1, 0, '1977-11-16 05:23:59', '1974-04-12 16:24:21', NULL, 1),
(9, 2, 36, 'Leon2002', '$2y$12$Yc7Nf87MC7y83yGpQ8qoDul4cJ0538uz3coDGns71smQRFwWnZAbe', 1, 0, '2000-10-20 21:41:50', '2005-09-21 15:14:15', NULL, 1),
(10, 2, 26, 'Brito2018', '$2y$12$Yc7Nf87MC7y83yGpQ8qoDul4cJ0538uz3coDGns71smQRFwWnZAbe', 0, 0, '1977-08-10 06:01:04', '1972-04-01 09:42:22', NULL, 1),
(11, 2, 93, 'Bateman2015', '$2y$12$Yc7Nf87MC7y83yGpQ8qoDul4cJ0538uz3coDGns71smQRFwWnZAbe', 0, 1, '1993-11-25 18:30:46', '2013-07-09 19:18:30', NULL, 1),
(12, 2, 87, 'Paris1960', '$2y$12$Yc7Nf87MC7y83yGpQ8qoDul4cJ0538uz3coDGns71smQRFwWnZAbe', 1, 0, '2006-04-29 04:44:12', '1970-01-01 00:00:09', NULL, 1),
(13, 2, 7, 'Andrea2001', '$2y$12$Yc7Nf87MC7y83yGpQ8qoDul4cJ0538uz3coDGns71smQRFwWnZAbe', 0, 0, '1990-11-27 01:35:44', '1970-01-01 00:00:10', NULL, 1),
(14, 2, 43, 'Synthia63', '$2y$12$Yc7Nf87MC7y83yGpQ8qoDul4cJ0538uz3coDGns71smQRFwWnZAbe', 0, 1, '2002-12-24 03:04:39', '2016-07-23 04:33:42', NULL, 1),
(15, 2, 56, 'Dillon1960', '$2y$12$Yc7Nf87MC7y83yGpQ8qoDul4cJ0538uz3coDGns71smQRFwWnZAbe', 1, 0, '1992-03-04 00:10:10', '2006-12-03 03:32:46', NULL, 1),
(16, 2, 52, 'Darryl1992', '$2y$12$Yc7Nf87MC7y83yGpQ8qoDul4cJ0538uz3coDGns71smQRFwWnZAbe', 0, 1, '2011-06-08 18:35:57', '2017-09-11 10:40:37', NULL, 1),
(17, 2, 11, 'Aron1969', '$2y$12$Yc7Nf87MC7y83yGpQ8qoDul4cJ0538uz3coDGns71smQRFwWnZAbe', 1, 1, '2011-06-29 04:48:49', '2005-11-16 01:21:37', NULL, 1),
(18, 2, 100, 'Lindsy451', '$2y$12$Yc7Nf87MC7y83yGpQ8qoDul4cJ0538uz3coDGns71smQRFwWnZAbe', 1, 0, '1970-01-01 00:01:34', '1970-01-01 00:01:35', NULL, 1),
(19, 2, 40, 'Merle1985', '$2y$12$Yc7Nf87MC7y83yGpQ8qoDul4cJ0538uz3coDGns71smQRFwWnZAbe', 1, 0, '1976-06-17 18:40:16', '1970-01-01 00:01:01', NULL, 1),
(20, 2, 36, 'Mead1968', '$2y$12$Yc7Nf87MC7y83yGpQ8qoDul4cJ0538uz3coDGns71smQRFwWnZAbe', 1, 0, '1994-05-13 12:23:21', '1970-01-01 02:15:26', NULL, 1),
(21, 2, 69, 'Youngblood1969', '$2y$12$Yc7Nf87MC7y83yGpQ8qoDul4cJ0538uz3coDGns71smQRFwWnZAbe', 1, 0, '2017-07-09 10:13:55', '2003-02-26 00:19:36', NULL, 1),
(22, 2, 60, 'Dwayne2017', '$2y$12$Yc7Nf87MC7y83yGpQ8qoDul4cJ0538uz3coDGns71smQRFwWnZAbe', 0, 1, '1970-01-01 00:05:12', '1971-11-02 04:01:58', NULL, 1),
(23, 2, 48, 'Ames2022', '$2y$12$Yc7Nf87MC7y83yGpQ8qoDul4cJ0538uz3coDGns71smQRFwWnZAbe', 1, 1, '2003-08-20 01:57:55', '2010-08-18 06:31:25', NULL, 1),
(24, 2, 76, 'Barkley2005', '$2y$12$Yc7Nf87MC7y83yGpQ8qoDul4cJ0538uz3coDGns71smQRFwWnZAbe', 1, 0, '1970-01-01 01:52:49', '2000-02-24 15:01:58', NULL, 1),
(25, 2, 78, 'Cythia1962', '$2y$12$Yc7Nf87MC7y83yGpQ8qoDul4cJ0538uz3coDGns71smQRFwWnZAbe', 0, 0, '2004-04-01 12:04:05', '2021-11-09 23:12:50', NULL, 1),
(26, 2, 45, 'Giron1950', '$2y$12$Yc7Nf87MC7y83yGpQ8qoDul4cJ0538uz3coDGns71smQRFwWnZAbe', 0, 0, '2016-02-26 11:06:16', '1998-10-31 18:06:56', NULL, 1),
(27, 2, 91, 'Aurelio38', '$2y$12$Yc7Nf87MC7y83yGpQ8qoDul4cJ0538uz3coDGns71smQRFwWnZAbe', 1, 0, '2012-02-01 22:40:48', '2009-08-24 10:06:54', NULL, 1),
(28, 2, 9, 'Pierre5', '$2y$12$Yc7Nf87MC7y83yGpQ8qoDul4cJ0538uz3coDGns71smQRFwWnZAbe', 0, 1, '2017-11-27 21:51:15', '1974-08-21 07:19:33', NULL, 1),
(29, 2, 82, 'Arlen942', '$2y$12$Yc7Nf87MC7y83yGpQ8qoDul4cJ0538uz3coDGns71smQRFwWnZAbe', 0, 0, '1970-01-01 00:05:03', '1997-05-27 17:28:49', NULL, 1),
(30, 2, 69, 'Bret511', '$2y$12$Yc7Nf87MC7y83yGpQ8qoDul4cJ0538uz3coDGns71smQRFwWnZAbe', 1, 0, '1975-07-29 17:47:07', '2000-01-02 12:22:43', NULL, 1),
(31, 2, 66, 'Frieda483', '$2y$12$Yc7Nf87MC7y83yGpQ8qoDul4cJ0538uz3coDGns71smQRFwWnZAbe', 1, 1, '1973-08-27 19:26:27', '2015-04-10 03:40:18', NULL, 1),
(32, 2, 95, 'Burchett878', '$2y$12$Yc7Nf87MC7y83yGpQ8qoDul4cJ0538uz3coDGns71smQRFwWnZAbe', 1, 0, '2005-03-06 11:52:35', '1998-05-26 15:50:07', NULL, 1),
(33, 2, 58, 'Fournier1987', '$2y$12$Yc7Nf87MC7y83yGpQ8qoDul4cJ0538uz3coDGns71smQRFwWnZAbe', 1, 1, '1982-02-03 01:16:17', '1970-01-01 00:00:20', NULL, 1),
(34, 2, 31, 'Clemons1986', '$2y$12$Yc7Nf87MC7y83yGpQ8qoDul4cJ0538uz3coDGns71smQRFwWnZAbe', 0, 0, '1970-01-01 00:01:02', '1986-12-20 03:52:16', NULL, 1),
(35, 2, 17, 'Norene1970', '$2y$12$Yc7Nf87MC7y83yGpQ8qoDul4cJ0538uz3coDGns71smQRFwWnZAbe', 0, 1, '2012-03-01 19:13:30', '1970-01-01 00:24:21', NULL, 1),
(36, 2, 29, 'Michale1992', '$2y$12$Yc7Nf87MC7y83yGpQ8qoDul4cJ0538uz3coDGns71smQRFwWnZAbe', 0, 0, '2020-04-07 11:22:19', '1982-09-24 15:01:49', NULL, 1),
(37, 2, 12, 'Acker2000', '$2y$12$Yc7Nf87MC7y83yGpQ8qoDul4cJ0538uz3coDGns71smQRFwWnZAbe', 1, 0, '1972-02-09 06:32:57', '1987-10-30 23:47:25', NULL, 1),
(38, 2, 86, 'Abrams9', '$2y$12$Yc7Nf87MC7y83yGpQ8qoDul4cJ0538uz3coDGns71smQRFwWnZAbe', 0, 0, '1970-01-01 00:06:00', '2009-07-13 11:35:51', NULL, 1),
(39, 2, 21, 'Ardath1', '$2y$12$Yc7Nf87MC7y83yGpQ8qoDul4cJ0538uz3coDGns71smQRFwWnZAbe', 1, 0, '1979-06-10 18:52:37', '2016-12-31 22:50:52', NULL, 1),
(40, 2, 27, 'Augustine2022', '$2y$12$Yc7Nf87MC7y83yGpQ8qoDul4cJ0538uz3coDGns71smQRFwWnZAbe', 0, 0, '2005-06-23 00:58:05', '1977-04-14 10:26:05', NULL, 1),
(41, 2, 93, 'Burl2', '$2y$12$Yc7Nf87MC7y83yGpQ8qoDul4cJ0538uz3coDGns71smQRFwWnZAbe', 0, 1, '1980-01-15 03:42:00', '2005-01-02 02:32:42', NULL, 1),
(42, 2, 37, 'Miguel6', '$2y$12$Yc7Nf87MC7y83yGpQ8qoDul4cJ0538uz3coDGns71smQRFwWnZAbe', 1, 0, '1979-10-27 14:00:20', '1971-10-02 06:47:41', NULL, 1),
(43, 2, 26, 'Markus744', '$2y$12$Yc7Nf87MC7y83yGpQ8qoDul4cJ0538uz3coDGns71smQRFwWnZAbe', 0, 0, '1970-01-01 00:32:35', '2013-08-05 23:02:22', NULL, 1),
(44, 2, 45, 'Aracelis2011', '$2y$12$Yc7Nf87MC7y83yGpQ8qoDul4cJ0538uz3coDGns71smQRFwWnZAbe', 1, 0, '1970-01-01 00:01:29', '2000-08-17 08:36:56', NULL, 1),
(45, 2, 39, 'Abigail53', '$2y$12$Yc7Nf87MC7y83yGpQ8qoDul4cJ0538uz3coDGns71smQRFwWnZAbe', 1, 0, '1985-07-24 02:49:49', '1990-03-15 20:25:35', NULL, 1),
(46, 2, 59, 'Adah1951', '$2y$12$Yc7Nf87MC7y83yGpQ8qoDul4cJ0538uz3coDGns71smQRFwWnZAbe', 0, 1, '1970-01-01 00:00:06', '1970-01-01 00:00:10', NULL, 1),
(47, 2, 35, 'Arthur735', '$2y$12$Yc7Nf87MC7y83yGpQ8qoDul4cJ0538uz3coDGns71smQRFwWnZAbe', 1, 0, '2018-07-21 01:44:30', '1978-12-14 11:29:06', NULL, 1),
(48, 2, 18, 'Broussard781', '$2y$12$Yc7Nf87MC7y83yGpQ8qoDul4cJ0538uz3coDGns71smQRFwWnZAbe', 1, 0, '1970-01-01 00:00:02', '2012-08-16 14:38:54', NULL, 1),
(49, 2, 77, 'Arden1983', '$2y$12$Yc7Nf87MC7y83yGpQ8qoDul4cJ0538uz3coDGns71smQRFwWnZAbe', 1, 0, '1980-01-10 03:42:46', '1974-05-18 17:55:47', NULL, 1),
(50, 2, 75, 'Hassell6', '$2y$12$Yc7Nf87MC7y83yGpQ8qoDul4cJ0538uz3coDGns71smQRFwWnZAbe', 1, 1, '1976-09-14 23:39:10', '2019-08-07 13:36:14', NULL, 1),
(51, 2, 17, 'Chong1998', '$2y$12$Yc7Nf87MC7y83yGpQ8qoDul4cJ0538uz3coDGns71smQRFwWnZAbe', 1, 1, '1985-08-08 20:13:52', '1994-09-27 23:30:25', NULL, 1),
(52, 2, 30, 'Lionel2006', '$2y$12$Yc7Nf87MC7y83yGpQ8qoDul4cJ0538uz3coDGns71smQRFwWnZAbe', 0, 0, '1970-01-01 00:00:14', '2009-04-06 06:44:58', NULL, 1),
(53, 2, 73, 'Aline675', '$2y$12$Yc7Nf87MC7y83yGpQ8qoDul4cJ0538uz3coDGns71smQRFwWnZAbe', 0, 1, '1993-09-17 15:19:57', '1970-01-01 00:02:40', NULL, 1),
(54, 2, 42, 'Jesus2007', '$2y$12$Yc7Nf87MC7y83yGpQ8qoDul4cJ0538uz3coDGns71smQRFwWnZAbe', 0, 1, '1970-01-01 00:00:06', '2012-02-10 21:36:43', NULL, 1),
(55, 2, 31, 'Margarita1998', '$2y$12$Yc7Nf87MC7y83yGpQ8qoDul4cJ0538uz3coDGns71smQRFwWnZAbe', 0, 0, '2017-08-15 09:17:09', '1981-11-12 21:52:52', NULL, 1),
(56, 2, 39, 'Word1964', '$2y$12$Yc7Nf87MC7y83yGpQ8qoDul4cJ0538uz3coDGns71smQRFwWnZAbe', 0, 1, '1991-12-20 18:15:10', '2013-08-20 02:11:56', NULL, 1),
(57, 2, 6, 'Alysia453', '$2y$12$Yc7Nf87MC7y83yGpQ8qoDul4cJ0538uz3coDGns71smQRFwWnZAbe', 1, 0, '2010-02-06 07:58:47', '1977-01-28 17:40:09', NULL, 1),
(58, 2, 75, 'Abreu2025', '$2y$12$Yc7Nf87MC7y83yGpQ8qoDul4cJ0538uz3coDGns71smQRFwWnZAbe', 0, 1, '2001-07-29 18:04:49', '1983-12-06 12:48:52', NULL, 1),
(59, 2, 5, 'Aldrich1', '$2y$12$Yc7Nf87MC7y83yGpQ8qoDul4cJ0538uz3coDGns71smQRFwWnZAbe', 1, 0, '1982-11-27 18:26:51', '1970-01-01 00:00:25', NULL, 1),
(60, 2, 67, 'Rosalind8', '$2y$12$Yc7Nf87MC7y83yGpQ8qoDul4cJ0538uz3coDGns71smQRFwWnZAbe', 0, 1, '2013-03-08 02:35:42', '1970-01-01 00:00:03', NULL, 1),
(61, 2, 96, 'Brito1960', '$2y$12$Yc7Nf87MC7y83yGpQ8qoDul4cJ0538uz3coDGns71smQRFwWnZAbe', 0, 0, '1985-10-02 19:01:52', '1970-01-01 00:06:19', NULL, 1),
(62, 2, 13, 'Thrash437', '$2y$12$Yc7Nf87MC7y83yGpQ8qoDul4cJ0538uz3coDGns71smQRFwWnZAbe', 0, 1, '1970-01-01 00:00:53', '1970-01-01 00:01:12', NULL, 1),
(63, 2, 9, 'Warren1978', '$2y$12$Yc7Nf87MC7y83yGpQ8qoDul4cJ0538uz3coDGns71smQRFwWnZAbe', 0, 0, '1996-04-03 23:01:39', '2004-02-11 16:31:43', NULL, 1),
(64, 2, 104, 'Ackerman3', '$2y$12$Yc7Nf87MC7y83yGpQ8qoDul4cJ0538uz3coDGns71smQRFwWnZAbe', 1, 1, '1979-01-23 23:48:20', '1970-01-01 00:14:29', NULL, 1),
(65, 2, 74, 'Olin1965', '$2y$12$Yc7Nf87MC7y83yGpQ8qoDul4cJ0538uz3coDGns71smQRFwWnZAbe', 0, 0, '1970-01-01 00:45:45', '2021-03-15 19:25:26', NULL, 1),
(66, 2, 80, 'Abby1996', '$2y$12$Yc7Nf87MC7y83yGpQ8qoDul4cJ0538uz3coDGns71smQRFwWnZAbe', 0, 0, '1970-01-01 00:14:16', '1996-06-06 06:12:31', NULL, 1),
(67, 2, 59, 'Isaura2029', '$2y$12$Yc7Nf87MC7y83yGpQ8qoDul4cJ0538uz3coDGns71smQRFwWnZAbe', 0, 1, '1970-01-01 02:40:39', '2014-07-06 18:50:47', NULL, 1),
(68, 2, 87, 'Nina1974', '$2y$12$Yc7Nf87MC7y83yGpQ8qoDul4cJ0538uz3coDGns71smQRFwWnZAbe', 1, 1, '2007-09-29 14:12:57', '2010-08-29 07:57:20', NULL, 1),
(69, 2, 40, 'Abbott272', '$2y$12$Yc7Nf87MC7y83yGpQ8qoDul4cJ0538uz3coDGns71smQRFwWnZAbe', 0, 0, '2003-03-08 02:24:11', '1993-07-04 21:34:55', NULL, 1),
(70, 2, 87, 'Letty911', '$2y$12$Yc7Nf87MC7y83yGpQ8qoDul4cJ0538uz3coDGns71smQRFwWnZAbe', 0, 1, '1979-10-16 05:14:01', '2006-10-29 02:34:58', NULL, 1),
(71, 2, 44, 'Ada1999', '$2y$12$Yc7Nf87MC7y83yGpQ8qoDul4cJ0538uz3coDGns71smQRFwWnZAbe', 1, 0, '1970-01-01 00:00:08', '1988-02-04 08:14:43', NULL, 1),
(72, 2, 27, 'Leigh6', '$2y$12$Yc7Nf87MC7y83yGpQ8qoDul4cJ0538uz3coDGns71smQRFwWnZAbe', 0, 1, '1990-08-29 19:12:27', '1997-10-09 01:48:33', NULL, 1),
(73, 2, 78, 'Adam72', '$2y$12$Yc7Nf87MC7y83yGpQ8qoDul4cJ0538uz3coDGns71smQRFwWnZAbe', 1, 1, '1970-01-01 00:00:02', '1996-02-22 09:36:38', NULL, 1),
(74, 2, 73, 'Garry2007', '$2y$12$Yc7Nf87MC7y83yGpQ8qoDul4cJ0538uz3coDGns71smQRFwWnZAbe', 1, 1, '1977-12-03 07:12:42', '1977-04-27 08:55:40', NULL, 1),
(75, 2, 57, 'Faison1963', '$2y$12$Yc7Nf87MC7y83yGpQ8qoDul4cJ0538uz3coDGns71smQRFwWnZAbe', 1, 1, '1970-01-01 00:00:52', '1970-01-01 00:01:12', NULL, 1),
(76, 2, 21, 'Kellum2028', '$2y$12$Yc7Nf87MC7y83yGpQ8qoDul4cJ0538uz3coDGns71smQRFwWnZAbe', 1, 0, '1974-05-21 05:40:20', '2008-10-11 19:08:31', NULL, 1),
(77, 2, 35, 'Villareal2011', '$2y$12$Yc7Nf87MC7y83yGpQ8qoDul4cJ0538uz3coDGns71smQRFwWnZAbe', 0, 1, '1970-01-01 00:00:03', '1981-12-13 15:12:16', NULL, 1),
(78, 2, 84, 'Keenan1979', '$2y$12$Yc7Nf87MC7y83yGpQ8qoDul4cJ0538uz3coDGns71smQRFwWnZAbe', 0, 1, '1970-01-01 02:41:51', '2012-06-07 15:38:22', NULL, 1),
(79, 2, 14, 'Breanne1978', '$2y$12$Yc7Nf87MC7y83yGpQ8qoDul4cJ0538uz3coDGns71smQRFwWnZAbe', 1, 0, '1986-08-23 23:04:48', '2006-07-10 10:22:30', NULL, 1),
(80, 2, 89, 'Deana1957', '$2y$12$Yc7Nf87MC7y83yGpQ8qoDul4cJ0538uz3coDGns71smQRFwWnZAbe', 0, 0, '1970-01-01 00:00:51', '2005-10-26 09:03:57', NULL, 1),
(81, 2, 29, 'Abe373', '$2y$12$Yc7Nf87MC7y83yGpQ8qoDul4cJ0538uz3coDGns71smQRFwWnZAbe', 0, 1, '1987-07-08 11:07:47', '1970-01-01 00:12:06', NULL, 1),
(82, 2, 20, 'Allman1958', '$2y$12$Yc7Nf87MC7y83yGpQ8qoDul4cJ0538uz3coDGns71smQRFwWnZAbe', 1, 1, '1983-03-10 23:17:46', '1970-01-01 02:39:29', NULL, 1),
(83, 2, 89, 'Lamont72', '$2y$12$Yc7Nf87MC7y83yGpQ8qoDul4cJ0538uz3coDGns71smQRFwWnZAbe', 0, 1, '2009-01-09 20:56:56', '1985-04-30 15:26:23', NULL, 1),
(84, 2, 62, 'Wofford184', '$2y$12$Yc7Nf87MC7y83yGpQ8qoDul4cJ0538uz3coDGns71smQRFwWnZAbe', 1, 1, '2004-03-14 22:36:51', '1970-01-20 17:52:56', NULL, 1),
(85, 2, 14, 'Dean31', '$2y$12$Yc7Nf87MC7y83yGpQ8qoDul4cJ0538uz3coDGns71smQRFwWnZAbe', 1, 1, '2020-01-16 04:52:07', '2001-09-20 08:08:07', NULL, 1),
(86, 2, 59, 'Robins2029', '$2y$12$Yc7Nf87MC7y83yGpQ8qoDul4cJ0538uz3coDGns71smQRFwWnZAbe', 0, 1, '1970-01-01 02:25:13', '1979-08-16 18:22:14', NULL, 1),
(87, 2, 20, 'Dean2026', '$2y$12$Yc7Nf87MC7y83yGpQ8qoDul4cJ0538uz3coDGns71smQRFwWnZAbe', 1, 0, '2009-03-05 22:10:27', '1970-01-01 00:00:06', NULL, 1),
(88, 2, 27, 'Darron29', '$2y$12$Yc7Nf87MC7y83yGpQ8qoDul4cJ0538uz3coDGns71smQRFwWnZAbe', 1, 1, '1988-03-16 02:52:23', '2014-08-07 18:40:01', NULL, 1),
(89, 2, 9, 'Ethyl1999', '$2y$12$Yc7Nf87MC7y83yGpQ8qoDul4cJ0538uz3coDGns71smQRFwWnZAbe', 1, 0, '1970-01-01 00:01:20', '1978-09-29 16:31:17', NULL, 1),
(90, 2, 49, 'Hartmann588', '$2y$12$Yc7Nf87MC7y83yGpQ8qoDul4cJ0538uz3coDGns71smQRFwWnZAbe', 1, 1, '1983-11-07 04:12:35', '1970-01-01 00:00:36', NULL, 1),
(91, 2, 80, 'Alejandro315', '$2y$12$Yc7Nf87MC7y83yGpQ8qoDul4cJ0538uz3coDGns71smQRFwWnZAbe', 0, 1, '1999-03-03 11:53:35', '2004-11-21 20:50:37', NULL, 1),
(92, 2, 72, 'Darnell986', '$2y$12$Yc7Nf87MC7y83yGpQ8qoDul4cJ0538uz3coDGns71smQRFwWnZAbe', 1, 0, '2020-09-25 00:14:36', '1988-05-17 01:02:52', NULL, 1),
(93, 2, 66, 'Olin4', '$2y$12$Yc7Nf87MC7y83yGpQ8qoDul4cJ0538uz3coDGns71smQRFwWnZAbe', 1, 1, '2010-12-08 13:00:34', '1982-11-22 01:54:11', NULL, 1),
(94, 2, 31, 'Bouchard2004', '$2y$12$Yc7Nf87MC7y83yGpQ8qoDul4cJ0538uz3coDGns71smQRFwWnZAbe', 0, 0, '1985-12-26 18:56:00', '2006-06-13 03:48:08', NULL, 1),
(95, 2, 15, 'Venice2004', '$2y$12$Yc7Nf87MC7y83yGpQ8qoDul4cJ0538uz3coDGns71smQRFwWnZAbe', 0, 0, '2003-09-23 11:34:07', '1970-01-01 00:00:09', NULL, 1),
(96, 2, 80, 'Billy1998', '$2y$12$Yc7Nf87MC7y83yGpQ8qoDul4cJ0538uz3coDGns71smQRFwWnZAbe', 0, 1, '2013-11-06 18:23:15', '1997-01-25 08:25:51', NULL, 1),
(97, 2, 54, 'Mcmillian86', '$2y$12$Yc7Nf87MC7y83yGpQ8qoDul4cJ0538uz3coDGns71smQRFwWnZAbe', 1, 0, '2007-03-24 14:20:39', '1988-01-28 14:21:06', NULL, 1),
(98, 2, 13, 'Dyson2021', '$2y$12$Yc7Nf87MC7y83yGpQ8qoDul4cJ0538uz3coDGns71smQRFwWnZAbe', 1, 0, '1970-01-01 02:00:01', '1970-01-01 02:19:42', NULL, 1),
(99, 2, 34, 'Spurlock2001', '$2y$12$Yc7Nf87MC7y83yGpQ8qoDul4cJ0538uz3coDGns71smQRFwWnZAbe', 0, 1, '1999-05-25 12:23:29', '1979-08-23 14:44:18', NULL, 1),
(100, 2, 95, 'Abbie1958', '$2y$12$Yc7Nf87MC7y83yGpQ8qoDul4cJ0538uz3coDGns71smQRFwWnZAbe', 1, 1, '2012-10-02 23:43:56', '2010-02-05 23:09:58', NULL, 1),
(101, 2, 16, 'Townes2000', '$2y$12$Yc7Nf87MC7y83yGpQ8qoDul4cJ0538uz3coDGns71smQRFwWnZAbe', 0, 0, '2019-08-07 18:37:19', '1970-01-01 00:00:05', NULL, 1),
(102, 2, 34, 'Alejandra456', '$2y$12$Yc7Nf87MC7y83yGpQ8qoDul4cJ0538uz3coDGns71smQRFwWnZAbe', 1, 1, '1975-03-09 07:50:33', '1970-01-01 00:00:03', NULL, 1),
(103, 2, 71, 'Marisha2', '$2y$12$Yc7Nf87MC7y83yGpQ8qoDul4cJ0538uz3coDGns71smQRFwWnZAbe', 1, 0, '1970-01-01 02:29:02', '1975-11-12 23:03:14', NULL, 1),
(104, 2, 68, 'Izetta1978', '$2y$12$Yc7Nf87MC7y83yGpQ8qoDul4cJ0538uz3coDGns71smQRFwWnZAbe', 0, 0, '1984-12-05 14:52:57', '2007-09-18 14:11:27', NULL, 1);